lng,lat
0.000000,0.000000
-79.032371,-8.094825
-77.866650,-6.227156
0.000000,0.000000
-79.028774,-8.111678
-79.016412,-8.109806
-79.043922,-8.103677
-78.768230,-8.010527
-79.030722,-8.106142
-79.056628,-8.099376
-79.021631,-8.092483
-79.055264,-8.076205
-79.055264,-8.076205
0.000000,0.000000
0.000000,0.000000
-79.028774,-8.111678
0.000000,0.000000
-79.036953,-8.109445
-79.020304,-8.107102
0.000000,0.000000
0.000000,0.000000
-79.117728,-8.076793
-79.000289,-8.080099
0.000000,0.000000
-79.028774,-8.111678
-79.020990,-8.166323
-79.028774,-8.111678
-79.048100,-8.140652
0.000000,0.000000
0.000000,0.000000
-79.028774,-8.111678
0.000000,0.000000
-79.048302,-8.096554
-79.009882,-8.111327
-79.032554,-8.115498
0.000000,0.000000
-79.024326,-8.114485
-79.032122,-8.128676
-79.028774,-8.111678
-79.044840,-8.132002
0.000000,0.000000
-79.028774,-8.111678
0.000000,0.000000
0.000000,0.000000
0.000000,0.000000
0.000000,0.000000
-78.768654,-8.011900
-79.050268,-8.052696
-79.028774,-8.111678
-79.028774,-8.111678
-79.032554,-8.115498
-79.049986,-8.138994
-79.025742,-8.109403
-79.024073,-8.107504
-79.028272,-8.110698
-79.032304,-8.103364
-79.024326,-8.114485
-79.028774,-8.111678
-79.045322,-8.057074
-76.961519,-12.137716
-78.768654,-8.011900
-79.025874,-8.094148
-79.028774,-8.111678
-79.004478,-8.111512
-79.032554,-8.115498
-79.043813,-8.095905
0.000000,0.000000
-70.241735,-17.997350
-70.244892,-18.011386
-70.251160,-18.013870
-74.530364,-8.385186
0.000000,0.000000
-70.251160,-18.013870
-70.241735,-17.997350
-70.251160,-18.013870
-70.231890,-18.004677
-70.251160,-18.013870
-70.251160,-18.013870
-70.241735,-17.997350
-70.250212,-18.007060
-70.251160,-18.013870
0.000000,0.000000
-70.250212,-18.007060
-70.238486,-18.018719
0.000000,0.000000
-70.244591,-17.990106
-70.244591,-17.990106
-70.274198,-18.032405
-70.238486,-18.018719
-70.274198,-18.032405
-70.251160,-18.013870
-74.530364,-8.385186
-70.241735,-17.997350
-70.251160,-18.013870
-70.279018,-18.036460
-70.231890,-18.004677
-70.274198,-18.032405
-70.251160,-18.013870
0.000000,0.000000
-70.261112,-18.024071
-70.251160,-18.013870
-70.245206,-18.008623
-70.246409,-17.985886
-77.051225,-12.056112
-77.054122,-12.059672
-77.051951,-12.063390
-77.058848,-12.062014
-77.045667,-12.058944
-77.045667,-12.058944
-77.055028,-12.063985
-77.053599,-12.065392
-77.051951,-12.063390
0.000000,0.000000
-77.054190,-12.066522
-77.054345,-12.058131
0.000000,0.000000
-77.050657,-12.054112
0.000000,0.000000
-77.052249,-12.058500
-77.046325,-12.059572
-77.058164,-12.064384
-77.050119,-12.059700
-77.048466,-12.052446
-77.044980,-12.052850
-77.043879,-12.056370
-77.042982,-12.055472
-70.496689,-18.197403
-70.496689,-18.197403
-77.066104,-12.011864
-77.081908,-12.030573
-70.496689,-18.197403
0.000000,0.000000
-70.496689,-18.197403
-70.496689,-18.197403
-70.496689,-18.197403
-70.496689,-18.197403
-77.073570,-12.022824
-77.066600,-12.033599
-70.496689,-18.197403
0.000000,0.000000
0.000000,0.000000
-78.303176,-5.911586
-77.081908,-12.030573
-70.496689,-18.197403
-70.496689,-18.197403
-77.087310,-11.998852
-77.071249,-12.030743
-77.071249,-12.030743
-77.093657,-11.997002
-70.496689,-18.197403
-70.496689,-18.197403
-70.496689,-18.197403
0.000000,0.000000
-77.061462,-12.021871
-78.303176,-5.911586
0.000000,0.000000
0.000000,0.000000
0.000000,0.000000
-70.496689,-18.197403
-77.105860,-11.982987
-70.496689,-18.197403
-77.089404,-11.945420
-70.496689,-18.197403
0.000000,0.000000
-70.496689,-18.197403
-77.120612,-11.825300
-77.071792,-12.013821
-77.058520,-12.018052
-77.057889,-12.013783
0.000000,0.000000
0.000000,0.000000
-70.496689,-18.197403
-77.060939,-12.008830
-77.062700,-12.033532
0.000000,0.000000
-77.052585,-12.028675
-77.087716,-11.999107
0.000000,0.000000
-77.088156,-11.981310
-77.079513,-12.021866
-77.085164,-12.015020
-77.050027,-12.026076
0.000000,0.000000
-78.303176,-5.911586
-78.303176,-5.911586
-77.086616,-12.035851
-77.090563,-12.030276
-70.496689,-18.197403
0.000000,0.000000
-70.496689,-18.197403
-77.083299,-11.991109
-77.084611,-12.009354
-77.092191,-11.955025
-77.045405,-12.036113
0.000000,0.000000
-77.045198,-12.029131
0.000000,0.000000
-77.087716,-11.999107
-70.496689,-18.197403
-70.496689,-18.197403
0.000000,0.000000
-77.013841,-12.067912
-77.015975,-12.083268
0.000000,0.000000
-77.030513,-12.071537
0.000000,0.000000
-77.020060,-12.097677
-77.019472,-12.088740
-77.027453,-12.071180
-77.011879,-12.069168
-73.246891,-3.753503
-77.013841,-12.067912
-77.012443,-12.072076
-77.017436,-12.074717
-77.027453,-12.071180
0.000000,0.000000
-77.008065,-12.084900
-77.030513,-12.071537
0.000000,0.000000
-77.025822,-12.072434
-77.003897,-12.071653
0.000000,0.000000
-77.011768,-12.078372
-77.023457,-12.084300
0.000000,0.000000
-77.027453,-12.071180
-77.033465,-12.064066
0.000000,0.000000
-77.023720,-12.082718
-77.019472,-12.088740
-73.246891,-3.753503
-77.025755,-12.077848
-77.011768,-12.078372
-77.023930,-12.070441
-77.017647,-12.085956
-77.012758,-12.086027
-77.016417,-12.073358
0.000000,0.000000
0.000000,0.000000
-77.011768,-12.078372
-77.019472,-12.088740
-77.027453,-12.071180
-77.013841,-12.067912
-77.006140,-12.072791
-77.017436,-12.074717
0.000000,0.000000
0.000000,0.000000
-77.016263,-12.066905
-77.022361,-12.087817
0.000000,0.000000
-77.015716,-12.075581
-77.011768,-12.078372
0.000000,0.000000
0.000000,0.000000
-77.023930,-12.070441
-77.006295,-12.062065
0.000000,0.000000
0.000000,0.000000
-77.029580,-12.061715
-77.011879,-12.069168
-79.836514,-6.803937
-77.019528,-12.077195
-76.142458,-13.397431
-77.025672,-12.081226
-77.023930,-12.070441
-77.040674,-11.932861
-77.040674,-11.932861
-77.052034,-11.897758
-77.022819,-11.909134
0.000000,0.000000
-77.040674,-11.932861
-77.050177,-11.941174
-77.040674,-11.932861
-77.044327,-11.959644
-77.070844,-11.946067
0.000000,0.000000
-77.040674,-11.932861
-77.065034,-11.953002
-77.055589,-11.942208
-77.052034,-11.897758
-77.036721,-11.905870
-77.052034,-11.897758
-77.045937,-11.936117
-77.040674,-11.932861
-77.040674,-11.932861
-77.052034,-11.897758
-77.036314,-11.941740
0.000000,0.000000
-77.040674,-11.932861
-77.052034,-11.897758
-77.056718,-11.960282
-77.056468,-11.956760
-77.040674,-11.932861
-77.060743,-11.953999
-77.036637,-11.944946
-77.040674,-11.932861
-77.064611,-11.949796
-77.050014,-11.916998
-77.046036,-11.926297
-77.063844,-11.921434
-76.967117,-12.059330
0.000000,0.000000
-76.921335,-12.031316
-76.982791,-12.073549
0.000000,0.000000
0.000000,0.000000
-76.959293,-12.060490
-76.982010,-12.081666
-76.896873,-12.038728
0.000000,0.000000
0.000000,0.000000
-76.910767,-12.009320
-76.975783,-12.063786
-76.975783,-12.063786
-76.973384,-12.062709
-76.981796,-12.068351
-76.890907,-12.016571
-76.936470,-12.046189
-76.980790,-12.080725
-76.921335,-12.031316
-76.929558,-12.035070
0.000000,0.000000
-76.937449,-12.040632
0.000000,0.000000
-76.964188,-12.062362
-76.937708,-12.043746
-76.947819,-12.056887
-76.983773,-12.064301
0.000000,0.000000
-76.976070,-12.066241
0.000000,0.000000
-76.977875,-12.073955
-76.896873,-12.038728
-76.976070,-12.066241
-76.921624,-12.037153
0.000000,0.000000
-76.934137,-12.046304
-76.961230,-12.059164
-76.896873,-12.038728
-76.975366,-12.076336
-76.967117,-12.059330
-76.896873,-12.038728
-76.983871,-12.076054
-76.896873,-12.038728
-76.896873,-12.038728
-76.918890,-12.025964
-76.976907,-12.071361
-76.991411,-12.060347
-76.967427,-12.064456
-76.896873,-12.038728
0.000000,0.000000
0.000000,0.000000
-76.937449,-12.040632
-76.979723,-12.073342
-76.937449,-12.040632
-76.927847,-12.028847
-76.982478,-12.068939
-76.987073,-12.068723
0.000000,0.000000
-76.890907,-12.016571
0.000000,0.000000
-76.271697,-6.467670
-76.271697,-6.467670
-76.271697,-6.467670
0.000000,0.000000
0.000000,0.000000
-74.565896,-8.385871
-74.605781,-8.301676
0.000000,0.000000
0.000000,0.000000
-73.297906,-3.783352
0.000000,0.000000
-73.616065,-13.785273
-73.616065,-13.785273
0.000000,0.000000
-76.993555,-12.075964
-76.997046,-12.082125
0.000000,0.000000
0.000000,0.000000
-76.997046,-12.082125
0.000000,0.000000
0.000000,0.000000
-76.994267,-12.066140
0.000000,0.000000
-76.991260,-12.190871
-76.997757,-12.076876
0.000000,0.000000
0.000000,0.000000
0.000000,0.000000
-79.044840,-8.132002
-79.044840,-8.132002
0.000000,0.000000
-79.044840,-8.132002
-79.044840,-8.132002
0.000000,0.000000
0.000000,0.000000
-78.064141,-6.003604
-78.064141,-6.003604
0.000000,0.000000
0.000000,0.000000
-78.064141,-6.003604
-72.878874,-13.637348
-72.782300,-13791.000000
0.000000,0.000000
0.000000,0.000000
-72.878874,-13.637348
-72.782300,-13791.000000
-73.833658,-14.005858
-72.885365,-13.631104
0.000000,0.000000
-72.875428,-13.627866
-77.030657,-12.059116
-72.863796,-13.611966
-72.884747,-13.635908
-77.008411,-12.001725
0.000000,0.000000
-76.996443,-11.969312
-76.996469,-12.023542
-77.008411,-12.001725
-77.007515,-11.973199
-77.005066,-11.978850
-77.008411,-12.001725
-77.002089,-11.995546
0.000000,0.000000
-76.986577,-12.015146
-77.013911,-12.029991
0.000000,0.000000
-77.008411,-12.001725
-77.008411,-12.001725
0.000000,0.000000
-76.997190,-12.024639
-77.000405,-11.974837
-77.008411,-12.001725
-77.011555,-11.986180
-77.010479,-11.987023
-76.990969,-12.021470
-77.008411,-12.001725
0.000000,0.000000
-77.001174,-11.984763
-76.978120,-12.013017
-77.008411,-12.001725
-76.993692,-11.974467
-77.004215,-11.972233
-77.010085,-12.015625
-77.008411,-12.001725
0.000000,0.000000
0.000000,0.000000
-76.992226,-11.976083
-77.000024,-11.966549
0.000000,0.000000
0.000000,0.000000
-76.998992,-11.978530
-76.958358,-11.921884
-77.008411,-12.001725
-76.992226,-11.976083
-77.008411,-12.001725
0.000000,0.000000
-77.009640,-12.010008
-77.015614,-11.980187
-71.595863,-13.315270
-73.071874,-13.858100
-70.229861,-18.010882
-79.029641,-8.113157
-75.140173,-13.071825
-73.207133,-12.902149
-77.586087,-7.961753
-69.459157,-16.213287
0.000000,0.000000
-70.012302,-15.864569
-70.821278,-14.033857
-70.122292,-15.496136
-70.969152,-16.672547
-70.474036,-13.795109
-70.028391,-15.840758
-70.027283,-15.836364
0.000000,0.000000
-79.849965,-6.769566
-79.849965,-6.769566
-79.849965,-6.769566
-70.275748,-15.053056
-70.128745,-15.481093
-70.028391,-15.840758
-78.523951,-7.150744
-70.277015,-15.053842
0.000000,0.000000
-77.002477,-12.094212
0.000000,0.000000
-76.989863,-12.103437
-76.995690,-12.096452
-77.005737,-12.091052
0.000000,0.000000
-77.000567,-12.091926
-77.013989,-12.088993
-76.995690,-12.096452
0.000000,0.000000
0.000000,0.000000
-76.997661,-12.082887
0.000000,0.000000
-76.998228,-12.116800
-76.989863,-12.103437
0.000000,0.000000
-76.984267,-12.086465
0.000000,0.000000
-76.998228,-12.116800
0.000000,0.000000
0.000000,0.000000
-76.980708,-12.110301
-76.989863,-12.103437
0.000000,0.000000
0.000000,0.000000
-76.998367,-12.099242
0.000000,0.000000
0.000000,0.000000
0.000000,0.000000
-77.005417,-12.098018
-77.004102,-12.089693
-76.995690,-12.096452
-76.984267,-12.086465
-76.995894,-12.112654
-77.013989,-12.088993
-76.997661,-12.082887
0.000000,0.000000
0.000000,0.000000
-76.995690,-12.096452
-76.995690,-12.096452
-77.002477,-12.094212
0.000000,0.000000
-77.002490,-12.093956
-76.998228,-12.116800
-76.992177,-12.093196
-77.002490,-12.093956
-77.013989,-12.088993
-77.002477,-12.094212
0.000000,0.000000
-77.008971,-12.111686
-76.984267,-12.086465
-76.937026,-12.213503
-76.937026,-12.213503
0.000000,0.000000
0.000000,0.000000
0.000000,0.000000
0.000000,0.000000
-76.937026,-12.213503
0.000000,0.000000
-76.937026,-12.213503
-76.937026,-12.213503
-76.934965,-12.200320
-76.937026,-12.213503
-76.937026,-12.213503
-76.937026,-12.213503
0.000000,0.000000
-76.934956,-12.212337
-76.937026,-12.213503
-76.937026,-12.213503
0.000000,0.000000
-76.937026,-12.213503
-71.534061,-16.399234
-71.538596,-16.412640
-71.541390,-16.409624
-71.540145,-16.405840
-71.907048,-17.103078
-71.536961,-16.398867
-72.111088,-15.726745
-71.907048,-17.103078
-71.789654,-17.114443
0.000000,0.000000
-71.549093,-16.402433
-72.705022,-16.591930
-71.585499,-16.428304
-70.002343,-12.892504
-71.538066,-16.395349
-71.541979,-16.397541
-71.539414,-16.406769
-71.517433,-16.423103
-71.531444,-16.391961
-71.529362,-16.434990
-71.525436,-16.400923
-72.460753,-16.168864
-71.536961,-16.398867
-71.907048,-17.103078
0.000000,0.000000
-77.005447,-11.960247
-76.507365,-6.265595
-76.518328,-6.418788
0.000000,0.000000
-79.839483,-6.761702
-75.742888,-14.066614
-75.742888,-14.066614
-77.031566,-12.096094
-77.025676,-12.092290
-77.023775,-12.094775
-77.048211,-12.094062
-77.048211,-12.094062
0.000000,0.000000
-77.031201,-12.094631
-70.989701,-17.876852
-70.989701,-17.876852
-71.545835,-16.324028
-77.028069,-12.098209
-77.025676,-12.092290
-71.562634,-16.407849
-71.542985,-16.408200
0.000000,0.000000
-70.989701,-17.876852
-77.077621,-12.056014
-71.512396,-16.423314
-77.040806,-12.106764
-76.984267,-12.086465
-77.019035,-12.091147
-76.984267,-12.086465
-77.048635,-12.085163
-77.052133,-12.107205
-75.728454,-14.075809
-72.268328,-13.258419
-77.021211,-12.099729
-77.052133,-12.107205
-77.046166,-12.103895
0.000000,0.000000
0.000000,0.000000
-77.011782,-12.113857
-77.065181,-11.994205
-77.025815,-12.093434
-77.023316,-12.095434
-77.026935,-12.097223
-77.031566,-12.096094
-76.984267,-12.086465
0.000000,0.000000
-75.217014,-12.047557
-76.984267,-12.086465
-76.984267,-12.086465
-76.984267,-12.086465
-76.984267,-12.086465
-77.029980,-12.131837
-71.512396,-16.423314
-75.724535,-14.064057
-77.017727,-12.135864
-77.031566,-12.096094
-77.061147,-11.993813
-75.742888,-14.066614
-77.053979,-12.089618
-81.231111,-4.250793
-77.052133,-12.107205
-77.027801,-12.094154
0.000000,0.000000
-77.028069,-12.098209
0.000000,0.000000
0.000000,0.000000
0.000000,0.000000
-70.123996,-15.486047
0.000000,0.000000
-70.127070,-15.492588
-70.145894,-15.488677
-70.123996,-15.486047
-70.130928,-15.485492
-69.465086,-14.323684
0.000000,0.000000
-70.146481,-15.492606
-70.132216,-15.491595
-70.120510,-15.477566
-70.147524,-15.492571
-70.153701,-15.487675
-70.143747,-15.489214
-70.132216,-15.491595
-70.114826,-15.485948
-70.150814,-15.500910
0.000000,0.000000
-70.130928,-15.485492
0.000000,0.000000
0.000000,0.000000
-70.131410,-15.489924
-70.146549,-15.498932
0.000000,0.000000
-70.136354,-15.472232
-70.102403,-15.538462
-70.112884,-15.484201
-70.143567,-15.500182
-70.132479,-15.495373
-70.123996,-15.486047
-77.522693,-9.525582
0.000000,0.000000
-77.764486,-10.747765
0.000000,0.000000
-77.524556,-9.537592
-77.531166,-9.525975
-77.536087,-9.525494
-77.523291,-9.525441
0.000000,0.000000
0.000000,0.000000
-77.531166,-9.525975
0.000000,0.000000
-77.843313,-9.656389
-77.531166,-9.525975
-77.764486,-10.747765
0.000000,0.000000
0.000000,0.000000
0.000000,0.000000
-77.526733,-9.529749
-77.536087,-9.525494
-77.495242,-9.611843
-77.524050,-9.538571
-77.528998,-9.529851
-77.527847,-9.524833
-75.725662,-14.067647
-77.059827,-12.091515
0.000000,0.000000
0.000000,0.000000
-77.059827,-12.091515
0.000000,0.000000
-77.053725,-12.091919
0.000000,0.000000
-77.062025,-12.091113
-77.072812,-12.085370
0.000000,0.000000
0.000000,0.000000
0.000000,0.000000
-77.068243,-12.095715
0.000000,0.000000
-77.060557,-12.088989
-77.062025,-12.091113
0.000000,0.000000
-77.071448,-12.087463
0.000000,0.000000
0.000000,0.000000
0.000000,0.000000
0.000000,0.000000
-77.062025,-12.091113
-77.068243,-12.095715
-77.068745,-12.098817
-77.063391,-11.974245
0.000000,0.000000
0.000000,0.000000
-77.084260,-11.973897
-77.083208,-11.981085
0.000000,0.000000
-74.215003,-13.175167
-77.074411,-11.988306
0.000000,0.000000
-77.073071,-11.965985
0.000000,0.000000
0.000000,0.000000
-77.070935,-11.991965
-77.080215,-11.996114
-77.062704,-12.005577
-77.083354,-11.953187
-77.073071,-11.965985
-77.069128,-12.007853
0.000000,0.000000
-77.073071,-11.965985
-77.062688,-11.965807
-77.076648,-11.972156
-77.066378,-11.993414
0.000000,0.000000
-77.066378,-11.993414
0.000000,0.000000
-77.081132,-11.944757
-77.065839,-11.990495
-77.062497,-12.003350
-77.069128,-12.007853
-71.529791,-16.435823
-77.076859,-11.996104
-77.073750,-11.938431
-77.063534,-11.964790
-77.073071,-11.965985
-77.079641,-11.993824
-77.069297,-11.976275
-77.074483,-11.992794
-76.943561,-12.092523
-77.073071,-11.965985
-77.064902,-11.992353
-77.073071,-11.965985
-76.927047,-12.027193
-77.076321,-11.957220
-77.070935,-11.991965
-74.215003,-13.175167
-77.083208,-11.981085
-77.069957,-11.972335
-77.064496,-12.028247
-72.697190,-16.613884
0.000000,0.000000
-77.108958,-11.981073
-77.101779,-12.004813
-77.139113,-12.052263
-77.128398,-12.048751
-77.122051,-11.840089
0.000000,0.000000
-74.531168,-8.380675
0.000000,0.000000
-77.102917,-12.044880
-77.099249,-12.040164
-77.110889,-11.983711
-80.621783,-5.200509
0.000000,0.000000
-77.139113,-12.052263
-74.572340,-8.384577
-77.834500,-9.469175
-77.128398,-12.048751
-74.542453,-8.371529
0.000000,0.000000
-80.621783,-5.200509
-77.089673,-12.047690
-77.095070,-12.023362
-77.100942,-12.007352
-77.138164,-12.052913
-77.101779,-12.004813
-77.116501,-11.992282
-74.573596,-8.387148
-77.016921,-12.029818
-71.552963,-16.445048
-74.538754,-8.382184
-77.130444,-11.827235
-77.137912,-12.033034
0.000000,0.000000
-77.834500,-9.469175
-77.089673,-12.047690
0.000000,0.000000
-77.102917,-12.044880
0.000000,0.000000
-77.096903,-12.023829
-77.099249,-12.040164
-77.775716,-10.728302
-77.775716,-10.728302
-77.035459,-12.059430
0.000000,0.000000
-77.010736,-12.023539
-77.072931,-12.048406
-77.582228,-11.106653
-77.582228,-11.106653
-77.775716,-10.728302
-70.936272,-17.193502
-77.039235,-12.058020
-75.836901,-12.999961
-77.077292,-12.065965
-77.039235,-12.058020
-77.035116,-12.045693
-77.010702,-12.071978
-76.771856,-6.932867
-77.035116,-12.045693
-71.541504,-16.401136
-77.775716,-10.728302
-76.359426,-12.820980
-71.472793,-15.381257
-77.061024,-12.047128
-77.057662,-11.964825
-77.076718,-11.974461
-71.472793,-15.381257
-77.365627,-9.160638
-77.039235,-12.058020
0.000000,0.000000
-77.002480,-11.958695
-77.035459,-12.059430
0.000000,0.000000
-76.938313,-12.057265
-77.071814,-11.921998
-77.015679,-12.027997
-77.050379,-11.949760
-77.068241,-12.046883
0.000000,0.000000
-77.036957,-11.925895
-77.045497,-12.046582
-77.011722,-12.050946
0.000000,0.000000
-77.072253,-12.037067
-77.061024,-12.047128
-77.037716,-12.071488
-77.077055,-12.041684
-77.039235,-12.058020
-77.077055,-12.041684
-77.100194,-10.948221
-76.984722,-12.076748
-77.030997,-12.076991
-77.061024,-12.047128
-77.064446,-12.045468
-77.072595,-12.064514
-77.037333,-11.926188
-77.035116,-12.045693
0.000000,0.000000
-77.076718,-11.974461
-71.541504,-16.401136
-77.616083,-11.129197
-77.082148,-12.006685
-77.040997,-12.045575
-77.085881,-12.018849
-76.955795,-12.019743
-77.040955,-11.935218
-77.050379,-11.949760
-77.035116,-12.045693
-77.035116,-12.045693
-76.938313,-12.057265
-70.936272,-17.193502
-77.055215,-11.960089
-77.019074,-11.988305
0.000000,0.000000
-77.050850,-11.945690
-77.035116,-12.045693
-77.775716,-10.728302
-77.075131,-12.058186
-77.029331,-12.076845
-77.269996,-11.562770
-76.991916,-12.080099
-77.025227,-12.164783
-76.867527,-11.696977
-76.938313,-12.057265
0.000000,0.000000
0.000000,0.000000
-76.990596,-12.075233
-77.066593,-12.042062
-77.067705,-12.043200
-77.049847,-12.006481
-77.049847,-12.006481
-77.049847,-12.006481
-77.036537,-12.073492
-77.039235,-12.058020
-77.049847,-12.006481
-77.036957,-11.925895
0.000000,0.000000
-77.030214,-12.043667
-77.030214,-12.043667
-77.086616,-12.035851
-77.082361,-12.034869
-70.277015,-15.053842
-77.067007,-12.049935
-70.936272,-17.193502
-77.019074,-11.988305
-77.039235,-12.058020
-77.004397,-12.027553
-77.090324,-12.029691
-77.079283,-12.054305
-77.024987,-12.044670
-77.007318,-12.041178
-77.049847,-12.006481
-77.269996,-11.562770
-76.986981,-12.078796
-70.936272,-17.193502
-77.035116,-12.045693
-70.936272,-17.193502
-77.063275,-12.046820
-77.062377,-12.052695
-77.049847,-12.006481
-76.955795,-12.019743
-75.793358,-12.892513
-77.066593,-12.042062
-77.049847,-12.006481
-77.086616,-12.035851
-77.024602,-12.058249
-77.035116,-12.045693
-76.967610,-11.913114
-77.616083,-11.129197
-77.096267,-12.078804
-77.082406,-12.079003
-77.094966,-12.068079
-77.105610,-12.076906
-77.102926,-12.076407
-73.202969,-3.632168
-74.596482,-8.307262
-77.082132,-12.027106
0.000000,0.000000
-76.963483,-12.031730
0.000000,0.000000
0.000000,0.000000
-78.896390,-6.237499
-77.096267,-12.078804
-77.100749,-12.065663
-77.094274,-12.073672
0.000000,0.000000
-77.103284,-12.080947
-77.085155,-12.076025
0.000000,0.000000
-77.082477,-12.076830
-77.074823,-12.085375
-78.959412,-8.086455
-77.080411,-12.079600
-77.082477,-12.076830
-77.086568,-12.086266
-77.089083,-12.082438
-77.070024,-12.060870
-76.987300,-12.157071
-77.099862,-12.077318
-77.101795,-12.077407
0.000000,0.000000
-77.096267,-12.078804
0.000000,0.000000
-77.031612,-12.082002
0.000000,0.000000
-77.041884,-12.081692
-77.031612,-12.082002
0.000000,0.000000
-77.028613,-12.080490
-77.031612,-12.082002
-77.037363,-12.082641
-77.027487,-12.088195
-77.035400,-12.082500
0.000000,0.000000
0.000000,0.000000
0.000000,0.000000
-77.033335,-12.084466
-77.034359,-12.077548
0.000000,0.000000
0.000000,0.000000
-77.039115,-12.089831
-77.038206,-12.075923
-77.028905,-12.077654
-77.031612,-12.082002
-77.034359,-12.077548
0.000000,0.000000
-77.042005,-12.089543
0.000000,0.000000
-77.037495,-12.089088
0.000000,0.000000
0.000000,0.000000
0.000000,0.000000
-77.028613,-12.080490
-77.037363,-12.082641
-77.028613,-12.080490
-77.029517,-12.089246
-77.047883,-12.088094
-71.226498,-14.272816
0.000000,0.000000
0.000000,0.000000
0.000000,0.000000
0.000000,0.000000
-76.972710,-12.099133
-76.970487,-12.101556
-76.982160,-12.125105
-77.005823,-12.146699
0.000000,0.000000
0.000000,0.000000
-77.006857,-12.135374
-76.955073,-12.133433
0.000000,0.000000
-76.991009,-12.142588
-76.972710,-12.099133
-76.998122,-12.129341
-76.970487,-12.101556
-77.001355,-12.128591
0.000000,0.000000
-77.016909,-12.136523
0.000000,0.000000
-76.955073,-12.133433
-77.001355,-12.128591
0.000000,0.000000
-77.006857,-12.135374
-77.005131,-12.136430
-76.974165,-12.126235
-76.965324,-12.115229
0.000000,0.000000
0.000000,0.000000
0.000000,0.000000
0.000000,0.000000
0.000000,0.000000
-76.973877,-12.112653
-76.982160,-12.125105
-76.976918,-12.120022
-76.986423,-12.164523
0.000000,0.000000
-76.972710,-12.099133
-76.991926,-12.135666
-76.968374,-12.106861
0.000000,0.000000
0.000000,0.000000
-76.976918,-12.120022
0.000000,0.000000
0.000000,0.000000
-76.972710,-12.099133
0.000000,0.000000
-76.993232,-12.113511
0.000000,0.000000
-76.969715,-12.097256
-76.976329,-12.105507
-76.971527,-12.099945
-76.970487,-12.101556
-76.989865,-12.140598
-76.985459,-12.141595
-77.004595,-12.142078
-76.969715,-12.097256
-76.976320,-12.100125
0.000000,0.000000
-77.006857,-12.135374
-76.972710,-12.099133
-76.973489,-12.127433
0.000000,0.000000
-76.972710,-12.099133
-77.007937,-12.134550
0.000000,0.000000
-76.982160,-12.125105
-76.970487,-12.101556
-76.982160,-12.125105
-77.000141,-12.126912
-73.262800,-3.949960
-75.726660,-14.070758
-73.256747,-3.736101
-73.246703,-3.741078
-73.459349,-3.817962
0.000000,0.000000
-73.249802,-3.754309
-73.241693,-3.746495
-73.251095,-3.749146
-71.531567,-16.443845
-73.251237,-3.758801
-73.255387,-3.738347
-73.252786,-3.763273
0.000000,0.000000
-73.255387,-3.738347
-74.176012,-5.459719
-73.249020,-3.747596
-73.256747,-3.736101
-73.247421,-3.747288
-73.396154,-3.941209
-73.241693,-3.746495
-73.246328,-3.751571
-73.246703,-3.741078
-73.235927,-3.648559
-73.243881,-3.747842
-75.316121,-11.918493
0.000000,0.000000
-73.251798,-3.750997
-73.252216,-3.747878
-71.496892,-16.337642
-71.496892,-16.337642
-71.496892,-16.337642
0.000000,0.000000
-75.981100,-5.616358
-71.513849,-16.376155
-71.496892,-16.337642
-71.496892,-16.337642
-79.830392,-6.758561
-79.843308,-6.758606
-79.841860,-6.756762
-79.842005,-6.761456
-79.841860,-6.756762
-79.832781,-6.751911
-79.842410,-6.752621
-79.829535,-6.746598
-79.847560,-6.750986
-79.846079,-6.745506
-79.835827,-6.760579
0.000000,0.000000
-74.215426,-13.029884
-74.000000,-14.000000
-74.283660,-15.277662
0.000000,0.000000
-74.000000,-14.000000
-74.216861,-13.164901
-74.000000,-14.000000
-74.000000,-14.000000
-74.553517,-12.360867
-73.735262,-14.152242
-73.527442,-12.938170
-74.000000,-14.000000
-70.249611,-18.013775
-74.329931,-12.707415
-74.215426,-13.029884
-74.000000,-14.000000
-74.000000,-14.000000
-74.227914,-13.149183
-74.000000,-14.000000
-74.000000,-14.000000
-77.019074,-11.988305
-74.000000,-14.000000
-78.510540,-7.157027
-74.000000,-14.000000
-74.000000,-14.000000
-77.040271,-12.032376
0.000000,0.000000
-77.040271,-12.032376
0.000000,0.000000
-77.029874,-12.039940
-79.848474,-6.779651
-77.035463,-12.020304
0.000000,0.000000
-70.936272,-17.193502
-70.916667,-16.833333
-70.938145,-17.193020
-70.923104,-17.177038
0.000000,0.000000
-70.845233,-17.077435
-70.933051,-17.195561
-70.916667,-16.833333
-70.943139,-17.189947
0.000000,0.000000
-70.931491,-17.193268
0.000000,0.000000
-70.937153,-17.195901
-70.936566,-17.195463
-70.916667,-16.833333
0.000000,0.000000
-71.981180,-13.523734
-72.942793,-11.731948
-71.850875,-13.421138
-71.850875,-13.421138
-71952.000000,-13.332100
-71.973076,-13.522243
-72.158384,-13.337263
-71.945732,-13.525455
-71.978605,-13.523257
-71.978605,-13.523257
-76.144773,-13.404987
0.000000,0.000000
-77.040305,-12.122587
-71.513551,-16.384957
0.000000,0.000000
-77.031824,-12.123328
-71.531213,-16.398419
-79.021290,-8.101070
0.000000,0.000000
0.000000,0.000000
-70.238031,-18.013170
-71.531213,-16.398419
-71.526687,-16.397373
-71.532910,-16.408846
-77.039282,-5.906009
-71.526687,-16.397373
-77.031074,-12.124214
-77.028501,-12.121162
0.000000,0.000000
-71.531213,-16.398419
-71.526120,-16.386341
-77.025328,-12.118365
0.000000,0.000000
-77.031074,-12.124214
-77.052865,-12.109977
-71.531213,-16.398419
0.000000,0.000000
-71.531213,-16.398419
-77.023886,-12.121909
-70.238031,-18.013170
-71.530329,-16.403230
-71.526687,-16.397373
-77.031074,-12.124214
0.000000,0.000000
-70.549462,-17.855053
0.000000,0.000000
-77.037029,-12.116890
-77.027730,-12.121495
-71.540875,-16.408953
-77.031074,-12.124214
-77.030275,-12.120989
-71.526687,-16.397373
-77.015648,-12.125291
-79.557250,-6.888238
0.000000,0.000000
-77.027730,-12.121495
-76.957601,-12.171019
-78.836465,-6.610877
0.000000,0.000000
-77.031074,-12.124214
-79.021290,-8.101070
-77.030243,-12.119899
-77.037029,-12.116890
-77.030891,-12.107158
-76.965683,-12.165612
-77.028686,-12.108467
-71.512229,-16.383357
-77.035969,-12.118874
-71.539395,-16.403809
-77.031740,-12.129597
-77.035969,-12.118874
-71.531213,-16.398419
-71.539395,-16.403809
-71.526687,-16.397373
-77.028686,-12.108467
-79.021290,-8.101070
-70.238031,-18.013170
-77.031346,-12.113836
-71.526687,-16.397373
-77.039282,-5.906009
-77.030891,-12.107158
-71.462440,-16.350181
0.000000,0.000000
-77.031074,-12.124214
-76.962610,-12.133874
0.000000,0.000000
-77.031556,-12.103572
-77.045818,-12.116926
-71.540875,-16.408953
-79.021290,-8.101070
-77.033820,-12.119643
-77.027947,-12.138179
-77.018160,-12.125323
-77.033954,-12.125123
-78.836465,-6.610877
-77.027730,-12.121495
-77.037029,-12.116890
0.000000,0.000000
-77.071431,-12.079316
-77.058869,-12.080231
-77.818352,-9.151295
-77.068593,-12.077207
-77.070387,-12.070526
-77.069815,-12.078613
-77.818352,-9.151295
-77.818352,-9.151295
-77.074178,-12.072051
0.000000,0.000000
-77.063209,-12.083116
0.000000,0.000000
0.000000,0.000000
-77.072960,-12.073708
-77.064096,-12.070948
0.000000,0.000000
-77.072054,-12.076250
-77.076018,-12.080165
-69.638800,-16.088200
-77.062246,-12.077744
-77.057344,-12.070388
-77.060390,-12.070657
-77.058108,-12.074996
-77.074781,-12.074790
0.000000,0.000000
-76.989423,-12.077781
-75.147342,-11.972180
0.000000,0.000000
-71.880518,-16.463428
0.000000,0.000000
-75.205696,-12.050133
-75.235275,-12.055948
-75.234349,-12.056666
-75.235378,-12.053445
-75.225750,-12.033997
-75.219235,-12.049177
-75.147342,-11.972180
0.000000,0.000000
0.000000,0.000000
-75.224947,-12.049475
-75.213515,-12.054936
-77.542233,-9.361119
0.000000,0.000000
-76.940241,-9.137897
0.000000,0.000000
0.000000,0.000000
0.000000,0.000000
0.000000,0.000000
0.000000,0.000000
0.000000,0.000000
-69.186122,-12.590577
0.000000,0.000000
-69.194322,-12.595081
-69.670344,-12.243695
-69.188691,-12.601716
-69.173864,-12.593816
0.000000,0.000000
0.000000,0.000000
-69.200917,-12.580930
0.000000,0.000000
-69.177864,-12.596555
-69.191422,-12.590329
-76.244492,-9.933542
-75.833333,-9.500000
-75.730094,-14.065971
-73.346227,-15.280261
-76.765243,-9.401971
-76.251345,-9.934449
-76.012360,-9.096161
-76.250006,-9.957765
-76.239485,-9.929326
-76.236515,-9.916563
-76.236515,-9.916563
-76.247445,-9.928921
-76.239485,-9.929326
-76.248715,-9.939478
-75.730094,-14.065971
-78.569052,-9.088453
-76.012360,-9.096161
-75.882870,-9.138858
-76.024883,-9.394739
-76.248715,-9.939478
-76.798843,-10.308201
-75.882870,-9.138858
-76.247445,-9.928921
-76.236515,-9.916563
-70.219870,-17.996411
0.000000,0.000000
0.000000,0.000000
-76.847707,-12.223383
0.000000,0.000000
-76.847707,-12.223383
-76.965359,-12.019216
0.000000,0.000000
-76.961946,-12.043273
-76.949813,-12.033010
-76.847707,-12.223383
-76.964334,-12.050649
-76.949813,-12.033010
-76.977775,-12.046262
-76.955925,-12.033456
0.000000,0.000000
0.000000,0.000000
0.000000,0.000000
-76.964334,-12.050649
0.000000,0.000000
-76.847707,-12.223383
0.000000,0.000000
0.000000,0.000000
-76.958741,-12.020825
-76.967623,-12.071151
-76.970016,-12.038114
-76.949813,-12.033010
-76.964946,-12.053464
-76.847707,-12.223383
-76.970505,-12.021267
-76.847707,-12.223383
-76.976983,-12.050666
-76.859124,-12.229263
-76.967623,-12.071151
-76.970505,-12.021267
-76.978343,-12.051498
-77.019064,-12.100170
-76.988296,-12.111066
-77.000261,-12.114281
-76.988296,-12.111066
-77.025883,-12.108204
-77.025713,-12.106490
-77.019637,-12.102094
-77.007993,-12.115253
-77.025476,-12.118030
-77.010475,-12.114198
-77.006531,-12.113409
-77.001435,-12.113690
-77.019064,-12.100170
-77.000261,-12.114281
-77.000526,-12.118758
-77.009737,-12.116493
-77.024351,-12.104793
-77.009737,-12.116493
-76.988296,-12.111066
-77.005078,-12.117367
0.000000,0.000000
-77.002557,-12.114281
-77.023593,-12.110183
-77.020823,-12.105086
-77.022454,-12.103632
-77.016796,-12.114676
-77.003758,-12.112779
-77.007594,-12.113744
-79.120267,-8.079493
-79.120267,-8.079493
0.000000,0.000000
-79.120267,-8.079493
-79.120267,-8.079493
-79.062046,-8.100230
-76.991629,-12.028911
0.000000,0.000000
-76.974070,-12.058748
-77.008575,-12.047713
-76.974070,-12.058748
-76.973010,-12.044015
-77.001853,-12.019510
-77.007792,-12.032097
-76.995714,-12.042052
-75.044974,-6.137399
0.000000,0.000000
-76.981641,-6.033595
-77.035767,-5.864764
-76.974919,-6.043962
-76.974677,-6.034730
0.000000,0.000000
-76.970302,-6.041893
-76.967330,-6.030342
-76.968692,-6.034188
-76.976645,-6.034894
-76.976645,-6.034894
-76.971901,-6.030815
0.000000,0.000000
-78.807411,-5.709508
-78.790906,-5.750781
0.000000,0.000000
-78.805380,-5.711802
-78.811691,-5.708702
-78.806933,-5.696637
0.000000,0.000000
-78.804845,-5.705710
-78.804845,-5.705710
-78.811691,-5.708702
-78.811205,-5.711317
-78.804845,-5.705710
-78.811205,-5.711317
-78.804845,-5.705710
-78.797950,-5.714308
0.000000,0.000000
-78.807254,-5.716296
-78.568854,-5.432437
-78.799145,-5.709587
-78.797558,-5.690666
-78.915267,-5.886379
-78.807605,-5.708954
0.000000,0.000000
-78.801423,-5.714556
0.000000,0.000000
-76.238602,-9.940756
0.000000,0.000000
0.000000,0.000000
0.000000,0.000000
-76.248982,-9.944617
0.000000,0.000000
0.000000,0.000000
0.000000,0.000000
-76.249571,-9.946146
-76.232455,-9.908434
-71.568489,-16.397266
-78.046638,-7.815517
-78.047840,-7.814647
-78.049828,-7.816322
0.000000,0.000000
0.000000,0.000000
-78.045251,-7.813854
-78.046887,-7.810088
-78.046887,-7.810088
0.000000,0.000000
-77.022395,-12.097959
-76.315338,-7.684248
-72.895319,-13.635364
-73.963456,-5.091656
-77.095751,-12.058975
-76.315338,-7.684248
-72.895319,-13.635364
-77.000588,-12.013672
-75.648333,-14.338611
-75.730558,-14.053242
-75.754259,-13.147901
-75.733804,-14.068516
-75.648333,-14.338611
-75.648333,-14.338611
0.000000,0.000000
-75.702027,-14.051253
-75.726815,-14.079861
-75.760221,-14.051565
-75.648333,-14.338611
-75.216257,-14.565931
-75.185423,-14.548263
-75.648333,-14.338611
-70.430472,-14.070802
-76.106158,-5.898750
-76.104817,-5.892196
-76.111171,-5.897860
-76.250370,-6.007740
0.000000,0.000000
0.000000,0.000000
-76.116791,-5.885708
-76.231848,-5.895232
-76.111177,-5.898048
0.000000,0.000000
-76.104802,-5.895072
-76.105832,-5.889380
-76.105832,-5.889380
0.000000,0.000000
-71.460312,-16.279394
-71.460312,-16.279394
-71.544091,-16.319851
0.000000,0.000000
-78.526588,-5.642381
-78.431579,-5.760437
-78.479851,-5.686770
-78.531725,-5.639087
0.000000,0.000000
-78.532460,-5.633838
-78.532712,-5.635505
-77.103284,-12.080947
-76.798643,-11.372247
-77.105287,-12.077067
-77.132317,-12.068333
-77.114912,-12.066845
-77.106514,-12.072201
-77.110884,-12.065695
0.000000,0.000000
-75.225934,-12.076279
-79.474420,-7.280933
0.000000,0.000000
-76.373332,-6.490068
-76.287695,-6.664709
-76.367860,-6.505837
-77.014405,-12.077643
-76.380044,-6.494582
0.000000,0.000000
0.000000,0.000000
-76.378318,-6.482654
-76.398478,-6.471200
-77.014405,-12.077643
-76.371396,-6.499347
0.000000,0.000000
-76.375521,-6.488903
0.000000,0.000000
-76.373332,-6.490068
-76.128836,-6.572393
-76.371396,-6.499347
0.000000,0.000000
-76.359871,-6.487720
-76.356767,-6.483190
-76.367433,-6.485632
0.000000,0.000000
-76.356981,-6.483054
0.000000,0.000000
-76.371396,-6.499347
-76.359871,-6.487720
-76.375521,-6.488903
0.000000,0.000000
-78.593609,-9.074497
-78.593609,-9.074497
-78.593609,-9.074497
-78.581622,-9.050833
-78.593609,-9.074497
-78.593609,-9.074497
-78.530975,-9.122116
-78.593609,-9.074497
-78.581622,-9.050833
-78.581475,-9.077416
-78.588219,-9.058294
-78.539169,-9.117548
-78.593609,-9.074497
-78.586600,-9.062330
-78.593609,-9.074497
-79.005091,-8.080253
-76.073630,-8.851105
0.000000,0.000000
0.000000,0.000000
0.000000,0.000000
-74.510516,-8.258855
0.000000,0.000000
-74.532289,-8.378590
-74.534467,-8.383546
-74.556373,-8.073595
-74.526926,-8.377243
-74.237473,-7.981785
-74.561996,-8.381505
-74.534467,-8.383546
-74.528228,-8.380215
-74.531647,-8.385332
-74.531360,-8.388299
-74.545347,-8.385393
-74.534717,-8.382112
-74.532289,-8.378590
-74.240330,-8.433640
-74.535254,-8.379183
-72.753896,-15.118963
-75.193207,-12.087598
-75.203615,-12.091510
-75.220102,-12.086933
-76.738149,-12.518573
0.000000,0.000000
0.000000,0.000000
0.000000,0.000000
-76.989292,-11.794993
-77.018331,-11.883634
-77.046297,-11.859097
-77.035322,-11.903865
-77.057208,-11.898078
-76.989292,-11.794993
-76.989292,-11.794993
-76.989292,-11.794993
-76.989292,-11.794993
0.000000,0.000000
-76.989292,-11.794993
-76.989292,-11.794993
-77.023992,-11.912587
-77.044918,-11.819029
-77.027767,-11.898287
0.000000,0.000000
-76.385978,-6.477852
-76.379682,-6.483161
-76.375672,-6.480258
-77.060576,-11.884624
-76.379682,-6.483161
0.000000,0.000000
-76.380581,-6.476172
0.000000,0.000000
0.000000,0.000000
-76.963993,-12.171621
0.000000,0.000000
-78.458793,-9.118382
-78.458793,-9.118382
-78.458793,-9.118382
-78.458793,-9.118382
-78.517619,-9.115506
-78.458793,-9.118382
-78.458793,-9.118382
-78.458793,-9.118382
-78.458793,-9.118382
0.000000,0.000000
0.000000,0.000000
0.000000,0.000000
-71.968823,-13.523944
0.000000,0.000000
-71.955288,-13.529336
-71.955288,-13.529336
-71.955288,-13.529336
-71.963542,-13.525516
-71.963542,-13.525516
-71.963542,-13.525516
0.000000,0.000000
-71.969662,-13.522709
-71.969662,-13.522709
-71.955288,-13.529336
-71.958283,-13.534858
-71.963542,-13.525516
-71.955288,-13.529336
-71.955288,-13.529336
-71.955288,-13.529336
-71.966994,-13.532034
0.000000,0.000000
-71.963542,-13.525516
0.000000,0.000000
-74.218346,-13.161656
0.000000,0.000000
-74.217760,-13.158249
-74.217760,-13.158249
-74.214353,-13.151920
-74.217760,-13.158249
0.000000,0.000000
-77.170447,-9.347909
-77.172248,-9.348496
-76.786755,-9.200829
-80.697342,-4.901697
0.000000,0.000000
0.000000,0.000000
-80.644694,-4.568450
-80.697342,-4.901697
-78.184158,-7.324390
-78.184158,-7.324390
-78.417013,-6.543475
-78.821341,-5.814026
-78.497982,-7.180703
-78.520149,-6.682210
-78.527346,-7.153846
-78.522913,-7.150908
-70.235296,-18.005351
0.000000,0.000000
-78.507994,-7.166201
0.000000,0.000000
-78.522807,-7.147066
0.000000,0.000000
-78.515499,-7.162127
0.000000,0.000000
-79.116685,-6.195920
-78.821341,-5.814026
-78.508044,-7.150004
-78.354220,-6.754822
-78.515248,-7.162711
-78.514622,-7.166454
-78.509149,-7.150761
-78.833333,-6.250000
-78.821341,-5.814026
0.000000,0.000000
-78.821341,-5.814026
0.000000,0.000000
-76.729315,-7.181352
-76.728074,-7.179377
-76.729315,-7.181352
-76.154926,-13.680819
-71.573948,-16.297999
0.000000,0.000000
-71.565162,-16.353626
-71.559889,-16.354292
-71.574759,-16.345953
-76.894810,-11.865865
-71.572842,-16.384532
-71.553978,-16.386436
0.000000,0.000000
0.000000,0.000000
-76.894810,-11.865865
-70.288219,-4.159661
-70.288219,-4.159661
-70.288219,-4.159661
-70.288219,-4.159661
-70.288219,-4.159661
0.000000,0.000000
0.000000,0.000000
0.000000,0.000000
0.000000,0.000000
0.000000,0.000000
-76.959412,-12.130531
-76.972129,-12.155852
-76.964842,-12.174560
-76.972129,-12.155852
0.000000,0.000000
-76.978434,-12.150573
-76.964842,-12.174560
0.000000,0.000000
-76.972129,-12.155852
0.000000,0.000000
-76.959481,-12.165447
0.000000,0.000000
0.000000,0.000000
-75.196107,-12.037789
-75.198039,-12.068021
-75.197115,-12.048153
-75.181964,-12.024655
-75.202431,-12.068635
-75.190241,-12.050226
0.000000,0.000000
-75.225986,-12.077812
-75.956480,-4.656935
-75.220055,-12.071646
-75.198039,-12.068021
-75.189372,-12.102471
-78.502457,-7.165087
-75.207614,-12.070743
-75.224118,-12.074260
0.000000,0.000000
-75.225680,-12.022580
-75.220055,-12.071646
-75.956480,-4.656935
0.000000,0.000000
0.000000,0.000000
-80.500000,-3.833333
-80.691166,-4.899423
-80.457163,-3.572041
-80.303185,-3.509574
-80.422004,-3.565832
-71.523314,-16.433172
-71.537780,-16.428663
-71.515311,-16.444174
-71.537780,-16.428663
-71.517433,-16.423103
-71.523314,-16.433172
-71.523314,-16.433172
-71.523314,-16.433172
-71.523314,-16.433172
0.000000,0.000000
-71.482481,-16.409168
-71.537450,-16.423931
-71.517433,-16.423103
-71.523314,-16.433172
-80.333333,-5.000000
-80.333333,-5.000000
-80.333333,-5.000000
-80.637970,-5.170962
-71.508277,-16.376932
0.000000,0.000000
-80.162239,-5.100905
-80.710859,-5.346620
-80.333333,-5.000000
-80.333333,-5.000000
-81.108728,-5.094725
-80.333333,-5.000000
-80.333333,-5.000000
-80.982515,-4.879114
-80.642574,-5.173923
-70.238232,-18.005686
-80.333333,-5.000000
-79.450780,-5.238758
-80.162239,-5.100905
0.000000,0.000000
0.000000,0.000000
-74.640015,-11.258751
-73.793978,-10.892370
0.000000,0.000000
0.000000,0.000000
-76.762701,-11.948832
-76.762701,-11.948832
-77.000500,-12.026984
-76.782249,-11.973883
-76.762701,-11.948832
0.000000,0.000000
-76.762701,-11.948832
-76.762701,-11.948832
0.000000,0.000000
-76.762701,-11.948832
0.000000,0.000000
-76.867084,-12.001718
-76.762701,-11.948832
0.000000,0.000000
-76.248991,-9.957299
0.000000,0.000000
-76.258029,-10.032650
0.000000,0.000000
0.000000,0.000000
-78.429983,-5.736915
-76.685202,-11.927780
-73.086629,-3.564642
-77.071240,-11.988579
0.000000,0.000000
0.000000,0.000000
0.000000,0.000000
-77.531229,-9.516699
-77.040849,-11.954385
0.000000,0.000000
-76.398878,-8.423816
0.000000,0.000000
-76.423435,-8.403947
-75.324312,-11.053644
-75.370628,-11.124767
0.000000,0.000000
-74.711382,-11.974352
0.000000,0.000000
-77.025906,-12.121498
0.000000,0.000000
-71.514395,-16.399524
0.000000,0.000000
-71.557881,-16.440379
-71.552492,-16.444612
-79.840369,-6.767842
-79.840831,-6.766417
0.000000,0.000000
-79.872041,-6.767884
-79.854887,-6.774277
-79.841730,-6.766383
0.000000,0.000000
-79.965871,-6.767711
-79.841730,-6.766383
-79.840831,-6.766417
-79.840831,-6.766417
-79.840831,-6.766417
-79.854509,-6.762721
-79.840831,-6.766417
0.000000,0.000000
-79.867661,-6.783059
0.000000,0.000000
-79.839007,-6.763844
-79.818505,-6.755074
-79.841730,-6.766383
-79.854818,-6.749838
-79.843542,-6.778445
-79.850532,-6.786250
0.000000,0.000000
-79.843239,-6.769016
-79.875592,-6.765438
-79.854332,-6.769126
0.000000,0.000000
-79.847702,-6.764722
0.000000,0.000000
-79.829551,-6.772152
-79.840831,-6.766417
0.000000,0.000000
-73.579155,-4.504837
-73.253867,-3.730635
-73.258176,-3.724889
0.000000,0.000000
-73.487777,-3.510799
-73.487777,-3.510799
0.000000,0.000000
-78.569085,-5.432027
-78.431265,-5.759061
-75.387026,-12.201093
-76.252773,-10.662288
0.000000,0.000000
0.000000,0.000000
-76.259290,-10.667635
0.000000,0.000000
-72.490457,-16.033732
-77.011744,-4.895336
-77.760938,-10.754121
-77.766376,-10.750609
0.000000,0.000000
-77.758211,-10.754511
0.000000,0.000000
0.000000,0.000000
-74.972408,-12.785909
-74.965041,-12.783260
0.000000,0.000000
-73.852100,-5.057610
0.000000,0.000000
0.000000,0.000000
0.000000,0.000000
-71.980379,-13.536386
-74.087500,-12.283800
-76.481376,-6.512615
-77.871552,-3.272095
-75.072616,-11.755930
-77.871552,-3.272095
0.000000,0.000000
-76.952842,-12.067386
0.000000,0.000000
0.000000,0.000000
-76.954073,-12.069101
-76.902366,-12.089892
-76.947040,-12.066335
0.000000,0.000000
-76.950562,-12.099470
0.000000,0.000000
-76.922338,-12.090177
0.000000,0.000000
0.000000,0.000000
-76.942892,-12.106610
-76.922338,-12.090177
-76.915521,-12.076551
-76.965897,-12.065271
0.000000,0.000000
-76.917284,-12.077983
-76.949556,-12.072152
-76.965255,-12.067981
-76.938868,-12.116728
-76.922338,-12.090177
-76.952073,-12.105596
-79.864589,-6.547446
0.000000,0.000000
-71.556801,-16.451898
0.000000,0.000000
-78.707348,-6.128942
-73.616065,-13.785273
-74.198587,-13.174417
-73.616065,-13.785273
-73.616065,-13.785273
-74.203809,-13.175150
-74.221061,-13.164272
0.000000,0.000000
-75.083333,-10.333333
-75.402810,-10.579671
-75.404479,-10.574434
-75.398431,-10.575485
-75.404641,-10.578218
-79.913746,-6.703829
-79.872041,-6.767884
-79.872041,-6.767884
0.000000,0.000000
-78.775817,-5.272829
-77.869189,-6.230564
-77.865133,-6.232236
-77.866610,-6.229617
-77.809338,-6.371827
-77.866199,-6.233115
-77.863018,-6.229863
-77.862516,-6.232637
-77.863977,-6.228630
-77.874417,-6.233334
-77.865000,-6.227783
-77.862634,-6.235362
-77.809338,-6.371827
-77.869189,-6.230564
-73.251237,-3.758801
-73.251237,-3.758801
-71.492697,-16.413625
-73.247265,-3.757152
-78.181576,-9.134974
-77.108715,-12.078191
0.000000,0.000000
-72.361735,-15.585979
-72.361735,-15.585979
-80.622749,-5.189212
-72.361735,-15.585979
-76.249622,-13.835043
-74.485887,-8.567067
-74.562878,-8.414910
-75.195212,-12.062650
-79.832233,-6.804889
-77.016417,-12.073358
-79.834302,-6.790363
-79.830933,-6.802220
-77.016417,-12.073358
-77.808801,-9.047853
0.000000,0.000000
0.000000,0.000000
-77.074508,-11.866424
0.000000,0.000000
-77.074482,-11.876827
-77.074482,-11.876827
-77.077838,-11.866798
-77.074482,-11.876827
-77.074482,-11.876827
-77.074482,-11.876827
0.000000,0.000000
-77.074482,-11.876827
-77.077838,-11.866798
0.000000,0.000000
-77.074482,-11.876827
-77.074482,-11.876827
-77.074482,-11.876827
0.000000,0.000000
-77.074482,-11.876827
-74.931161,-14.825898
-75.158934,-15.369292
-74.937062,-14.827720
-74.937782,-14.825916
-74.937782,-14.825916
-74.938431,-14.827178
-77.895201,-8.196422
-71.545053,-16.388015
-71.544309,-16.394408
-71.542125,-16.384869
-71.542952,-16.391241
-71.544885,-16.389015
-71.542257,-16.387042
-71.542125,-16.384869
-71.544309,-16.394408
-73.383617,-13.657195
-73.383617,-13.657195
0.000000,0.000000
-73.387841,-13.653859
-73.401616,-13.657908
-73.375731,-13.658630
-73.403841,-13.658657
-73.392113,-13.662024
-73.407733,-13.670345
-73.388531,-13.656000
-73.383603,-13.655696
0.000000,0.000000
-76.118618,-8.934421
0.000000,0.000000
0.000000,0.000000
0.000000,0.000000
-77.167732,-6.062713
0.000000,0.000000
0.000000,0.000000
-76.735917,-12.512732
0.000000,0.000000
0.000000,0.000000
0.000000,0.000000
-79.046075,-8.076496
-79.053818,-8.072101
-71.588688,-16.323415
-78.895764,-6.592936
0.000000,0.000000
-78.895764,-6.592936
-78.895764,-6.592936
0.000000,0.000000
0.000000,0.000000
0.000000,0.000000
-75.350857,-11.128234
-75.362381,-11.125393
-76.105904,-5.895686
-71.530214,-16.444493
0.000000,0.000000
-71.526132,-16.446522
-71.528798,-16.467421
-71.528798,-16.467421
-71.524680,-16.445337
-71.528798,-16.467421
-77.495500,-9.475207
-80.973374,-5.009990
-80.973374,-5.009990
-76.461740,-10.406606
0.000000,0.000000
-77.461107,-8.819147
-79.445941,-7.154574
0.000000,0.000000
0.000000,0.000000
0.000000,0.000000
-78.517245,-7.137936
0.000000,0.000000
0.000000,0.000000
-77.103180,-12.042791
0.000000,0.000000
0.000000,0.000000
-77.087245,-12.049000
-77.098469,-12.048466
-70.240536,-17.987527
0.000000,0.000000
-70.241243,-17.988275
0.000000,0.000000
-70.250238,-17.993249
-70.233901,-17.998714
-72.015368,-17.027999
-76.363291,-11.001678
-78.520149,-6.682210
-78.521258,-6.679384
0.000000,0.000000
-76.344648,-6.851361
-71.496191,-16.405560
-76.228874,-6.000897
-78.764559,-6.122676
0.000000,0.000000
-78.503805,-6.514385
-72.711130,-16.627299
-75.280085,-12.015173
-77.394364,-9.189317
-78.480600,-6.180000
-78.651351,-6.560032
-78.651392,-6.563835
0.000000,0.000000
-80.738149,-4.877280
-70.245707,-18.016399
-77.045877,-12.082607
-77.047758,-12.080236
0.000000,0.000000
0.000000,0.000000
-77.039616,-12.072384
-77.049666,-12.075757
-77.037817,-12.070426
-70.241703,-17.998109
-70.256860,-17.995249
-70.265260,-18.028807
0.000000,0.000000
-77.051320,-12.073005
-77.049666,-12.075757
-70.247761,-17.989769
0.000000,0.000000
-77.043496,-12.067012
0.000000,0.000000
-77.049666,-12.075757
0.000000,0.000000
0.000000,0.000000
-77.052012,-12.079748
-77.042196,-12.076541
-77.045877,-12.082607
0.000000,0.000000
0.000000,0.000000
0.000000,0.000000
0.000000,0.000000
0.000000,0.000000
-77.052012,-12.079748
-73.429022,-13.653714
0.000000,0.000000
-73.429022,-13.653714
-73.429022,-13.653714
-76.154937,-13.681431
-73.388531,-13.656000
-78.618868,-8.991713
-80.741585,-5.461290
0.000000,0.000000
-77.608320,-11.105281
-75.009136,-7.349752
0.000000,0.000000
-74.964870,-8.643851
-76.131958,-13.407108
-76.129797,-13.409696
0.000000,0.000000
-79.818745,-6.865259
-79.818745,-6.865259
-76.132573,-13.417488
0.000000,0.000000
-76.115965,-13.425106
-74.666367,-12.721812
-75.706126,-14.044749
-81.061950,-4.488083
-81.061950,-4.488083
-81.061950,-4.488083
-76.815610,-9.549948
-78.895630,-5.124368
-79.087652,-5.004553
-77.019564,-12.106900
-73.838818,-14.011311
0.000000,0.000000
-77.329126,-9.094380
-72.264668,-13.229280
0.000000,0.000000
-75.496841,-11.773149
-75.500007,-11.775162
-71.566611,-16.424572
0.000000,0.000000
-76.999866,-12.199849
0.000000,0.000000
-77.008962,-12.192350
-77.008962,-12.192350
-77.008962,-12.192350
-77.008962,-12.192350
-77.008962,-12.192350
0.000000,0.000000
0.000000,0.000000
-77.004738,-12.180961
-77.007654,-12.178395
-77.024527,-12.168455
0.000000,0.000000
0.000000,0.000000
-77.021216,-12.170114
0.000000,0.000000
-77.014612,-12.202803
0.000000,0.000000
-77.008962,-12.192350
-77.012591,-12.199221
-77.014612,-12.202803
-77.006957,-12.200102
-76.989249,-12.222934
-70.243027,-17.992789
0.000000,0.000000
-76.998978,-12.179155
-76.999548,-12.182381
-74.938740,-10.300069
0.000000,0.000000
-76.906794,-12.249824
-76.906794,-12.249824
-79.563250,-7.337908
-79.292395,-7.739278
-78.435238,-5.757283
-80.166006,-5.095550
-78.151575,-9.051570
-77.123068,-11.884729
-77.123068,-11.884729
-77.123068,-11.884729
-77.123068,-11.884729
-77.123662,-11.838999
0.000000,0.000000
-72.395269,-12.276304
-75.166691,-15.359500
-70.585295,-3.865417
-78.679097,-5.665520
-81.118711,-4.169011
0.000000,0.000000
-77.634597,-7.832723
-70.393978,-18.334682
0.000000,0.000000
0.000000,0.000000
0.000000,0.000000
0.000000,0.000000
0.000000,0.000000
-76.938435,-12.142015
-76.850967,-12.300964
-76.783863,-12.238050
-76.918579,-12.259581
-76.868890,-12.273369
-76.868997,-12.272914
-76.884545,-12.260710
0.000000,0.000000
0.000000,0.000000
0.000000,0.000000
-76.783863,-12.238050
0.000000,0.000000
0.000000,0.000000
-75.928354,-11.540505
-72.716095,-16.572748
-78.998829,-8.083986
-78.126365,-6.993594
-71.496191,-16.405560
-76.641160,-12.665859
-76.948334,-12.239878
0.000000,0.000000
-78.999326,-8.173144
-79.008936,-8.171415
-71.672712,-16.425165
-76.346587,-13.060714
-76.342266,-13.014067
-74.858729,-11.031490
-76.348086,-13.061285
-77.495500,-9.475207
-76.182979,-13.449662
-77.089888,-11.991279
-77.055015,-11.996569
0.000000,0.000000
0.000000,0.000000
-71.235887,-17.583367
-71.334091,-17.633011
-71.339095,-17.642391
-71.344110,-17.643991
0.000000,0.000000
-75.313134,-8.880533
-70.219936,-18.103332
-70.219936,-18.103332
-70.219936,-18.103332
0.000000,0.000000
0.000000,0.000000
0.000000,0.000000
-76.944275,-12.162520
-76.909993,-12.211976
-76.947702,-12.160988
0.000000,0.000000
-76.936872,-12.145845
0.000000,0.000000
-76.910738,-12.209120
-76.907533,-12.225703
-76.949822,-12.158557
-71.511899,-16.420515
-76.944275,-12.162520
-77.329126,-9.094380
-70.185233,-17.963649
-73.367600,-15.773300
-78.617740,-9.028711
0.000000,0.000000
-70.430912,-14.071861
0.000000,0.000000
0.000000,0.000000
-77.174841,-11.713463
-77.111655,-11.696554
-71.482601,-16.404839
-71.498700,-16.419480
0.000000,0.000000
0.000000,0.000000
0.000000,0.000000
0.000000,0.000000
0.000000,0.000000
-73.788544,-12.624572
0.000000,0.000000
-77.456877,-9.719276
-72.888029,-12.362078
0.000000,0.000000
0.000000,0.000000
0.000000,0.000000
-77.016298,-12.142055
-77.021290,-12.138566
-77.020680,-12.149518
-77.024770,-12.143431
-74.536003,-11.323613
0.000000,0.000000
0.000000,0.000000
-75.758358,-14.018476
0.000000,0.000000
-73.045213,-11.137879
-74.882710,-14.361395
-79.787982,-6.639217
0.000000,0.000000
-75.992219,-11.165068
0.000000,0.000000
-79.360152,-5.007734
-79.448808,-5.239552
-71.537739,-16.372174
0.000000,0.000000
0.000000,0.000000
-78.622024,-8.962913
0.000000,0.000000
-79.052285,-5.121731
-74.217528,-13.495713
0.000000,0.000000
-76.664576,-11.921707
-76.387422,-13.077773
-77.018804,-12.131229
-69043.000000,-16.563600
0.000000,0.000000
0.000000,0.000000
0.000000,0.000000
0.000000,0.000000
0.000000,0.000000
