index,reclat,reclong
0,0.000000,0.000000
1,-8.094825,-79.032371
2,-6.227156,-77.866650
3,0.000000,0.000000
4,-8.111678,-79.028774
5,-8.109806,-79.016412
6,-8.103677,-79.043922
7,-8.010527,-78.768230
8,-8.106142,-79.030722
9,-8.099376,-79.056628
10,-8.092482,-79.021631
11,-8.076205,-79.055264
12,-8.076205,-79.055264
13,0.000000,0.000000
14,0.000000,0.000000
15,-8.111678,-79.028774
16,0.000000,0.000000
17,-8.109445,-79.036953
18,-8.107102,-79.020304
19,0.000000,0.000000
20,0.000000,0.000000
21,-8.076793,-79.117728
22,-8.080099,-79.000289
23,0.000000,0.000000
24,-8.111678,-79.028774
25,-8.166323,-79.020990
26,-8.111678,-79.028774
27,-8.140652,-79.048100
28,0.000000,0.000000
29,0.000000,0.000000
30,-8.111678,-79.028774
31,0.000000,0.000000
32,-8.096554,-79.048302
33,-8.111327,-79.009882
34,-8.115498,-79.032554
35,0.000000,0.000000
36,-8.114485,-79.024326
37,-8.128676,-79.032122
38,-8.111678,-79.028774
39,-8.132002,-79.044840
40,0.000000,0.000000
41,-8.111678,-79.028774
42,0.000000,0.000000
43,0.000000,0.000000
44,0.000000,0.000000
45,0.000000,0.000000
46,-8.011900,-78.768653
47,-8.052696,-79.050268
48,-8.111678,-79.028774
49,-8.111678,-79.028774
50,-8.115498,-79.032554
51,-8.138994,-79.049986
52,-8.109402,-79.025742
53,-8.107504,-79.024073
54,-8.110698,-79.028272
55,-8.103364,-79.032304
56,-8.114485,-79.024326
57,-8.111678,-79.028774
58,-8.057073,-79.045322
59,-12.137716,-76.961519
60,-8.011900,-78.768653
61,-8.094148,-79.025874
62,-8.111678,-79.028774
63,-8.111512,-79.004478
64,-8.115498,-79.032554
65,-8.095905,-79.043813
66,0.000000,0.000000
67,-17.997350,-70.241735
68,-18.011386,-70.244892
69,-18.013870,-70.251160
70,-8.385186,-74.530364
71,0.000000,0.000000
72,-18.013870,-70.251160
73,-17.997350,-70.241735
74,-18.013870,-70.251160
75,-18.004677,-70.231890
76,-18.013870,-70.251160
77,-18.013870,-70.251160
78,-17.997350,-70.241735
79,-18.007060,-70.250212
80,-18.013870,-70.251160
81,0.000000,0.000000
82,-18.007060,-70.250212
83,-18.018719,-70.238486
84,0.000000,0.000000
85,-17.990106,-70.244591
86,-17.990106,-70.244591
87,-18.032405,-70.274198
88,-18.018719,-70.238486
89,-18.032405,-70.274198
90,-18.013870,-70.251160
91,-8.385186,-74.530364
92,-17.997350,-70.241735
93,-18.013870,-70.251160
94,-18.036460,-70.279017
95,-18.004677,-70.231890
96,-18.032405,-70.274198
97,-18.013870,-70.251160
98,0.000000,0.000000
99,-18.024071,-70.261112
100,-18.013870,-70.251160
101,-18.008623,-70.245206
102,-17.985886,-70.246409
103,-12.056112,-77.051225
104,-12.059672,-77.054122
105,-12.063390,-77.051951
106,-12.062014,-77.058848
107,-12.058944,-77.045667
108,-12.058944,-77.045667
109,-12.063985,-77.055028
110,-12.065392,-77.053599
111,-12.063390,-77.051951
112,0.000000,0.000000
113,-12.066522,-77.054190
114,-12.058131,-77.054345
115,0.000000,0.000000
116,-12.054112,-77.050657
117,0.000000,0.000000
118,-12.058500,-77.052249
119,-12.059572,-77.046325
120,-12.064384,-77.058164
121,-12.059700,-77.050119
122,-12.052445,-77.048466
123,-12.052850,-77.044980
124,-12.056370,-77.043879
125,-12.055472,-77.042982
126,-18.197403,-70.496689
127,-18.197403,-70.496689
128,-12.011864,-77.066104
129,-12.030573,-77.081908
130,-18.197403,-70.496689
131,0.000000,0.000000
132,-18.197403,-70.496689
133,-18.197403,-70.496689
134,-18.197403,-70.496689
135,-18.197403,-70.496689
136,-12.022824,-77.073570
137,-12.033599,-77.066600
138,-18.197403,-70.496689
139,0.000000,0.000000
140,0.000000,0.000000
141,-5.911586,-78.303176
142,-12.030573,-77.081908
143,-18.197403,-70.496689
144,-18.197403,-70.496689
145,-11.998852,-77.087310
146,-12.030743,-77.071249
147,-12.030743,-77.071249
148,-11.997002,-77.093657
149,-18.197403,-70.496689
150,-18.197403,-70.496689
151,-18.197403,-70.496689
152,0.000000,0.000000
153,-12.021871,-77.061462
154,-5.911586,-78.303176
155,0.000000,0.000000
156,0.000000,0.000000
157,0.000000,0.000000
158,-18.197403,-70.496689
159,-11.982987,-77.105860
160,-18.197403,-70.496689
161,-11.945420,-77.089404
162,-18.197403,-70.496689
163,0.000000,0.000000
164,-18.197403,-70.496689
165,-11.825300,-77.120611
166,-12.013821,-77.071792
167,-12.018052,-77.058520
168,-12.013783,-77.057889
169,0.000000,0.000000
170,0.000000,0.000000
171,-18.197403,-70.496689
172,-12.008830,-77.060939
173,-12.033532,-77.062700
174,0.000000,0.000000
175,-12.028674,-77.052585
176,-11.999107,-77.087716
177,0.000000,0.000000
178,-11.981310,-77.088156
179,-12.021866,-77.079513
180,-12.015020,-77.085164
181,-12.026076,-77.050027
182,0.000000,0.000000
183,-5.911586,-78.303176
184,-5.911586,-78.303176
185,-12.035851,-77.086616
186,-12.030276,-77.090563
187,-18.197403,-70.496689
188,0.000000,0.000000
189,-18.197403,-70.496689
190,-11.991109,-77.083299
191,-12.009354,-77.084611
192,-11.955025,-77.092191
193,-12.036112,-77.045405
194,0.000000,0.000000
195,-12.029131,-77.045198
196,0.000000,0.000000
197,-11.999107,-77.087716
198,-18.197403,-70.496689
199,-18.197403,-70.496689
200,0.000000,0.000000
201,-12.067912,-77.013841
202,-12.083268,-77.015975
203,0.000000,0.000000
204,-12.071537,-77.030513
205,0.000000,0.000000
206,-12.097677,-77.020060
207,-12.088740,-77.019472
208,-12.071179,-77.027453
209,-12.069168,-77.011879
210,-3.753503,-73.246891
211,-12.067912,-77.013841
212,-12.072076,-77.012443
213,-12.074717,-77.017436
214,-12.071179,-77.027453
215,0.000000,0.000000
216,-12.084900,-77.008065
217,-12.071537,-77.030513
218,0.000000,0.000000
219,-12.072434,-77.025822
220,-12.071653,-77.003897
221,0.000000,0.000000
222,-12.078372,-77.011768
223,-12.084300,-77.023457
224,0.000000,0.000000
225,-12.071179,-77.027453
226,-12.064066,-77.033465
227,0.000000,0.000000
228,-12.082718,-77.023719
229,-12.088740,-77.019472
230,-3.753503,-73.246891
231,-12.077848,-77.025755
232,-12.078372,-77.011768
233,-12.070441,-77.023930
234,-12.085956,-77.017646
235,-12.086027,-77.012758
236,-12.073358,-77.016417
237,0.000000,0.000000
238,0.000000,0.000000
239,-12.078372,-77.011768
240,-12.088740,-77.019472
241,-12.071179,-77.027453
242,-12.067912,-77.013841
243,-12.072791,-77.006140
244,-12.074717,-77.017436
245,0.000000,0.000000
246,0.000000,0.000000
247,-12.066905,-77.016263
248,-12.087817,-77.022361
249,0.000000,0.000000
250,-12.075581,-77.015716
251,-12.078372,-77.011768
252,0.000000,0.000000
253,0.000000,0.000000
254,-12.070441,-77.023930
255,-12.062065,-77.006295
256,0.000000,0.000000
257,0.000000,0.000000
258,-12.061715,-77.029580
259,-12.069168,-77.011879
260,-6.803937,-79.836514
261,-12.077195,-77.019528
262,-13.397431,-76.142458
263,-12.081226,-77.025672
264,-12.070441,-77.023930
265,-11.932861,-77.040674
266,-11.932861,-77.040674
267,-11.897758,-77.052034
268,-11.909134,-77.022819
269,0.000000,0.000000
270,-11.932861,-77.040674
271,-11.941174,-77.050177
272,-11.932861,-77.040674
273,-11.959644,-77.044327
274,-11.946067,-77.070844
275,0.000000,0.000000
276,-11.932861,-77.040674
277,-11.953002,-77.065034
278,-11.942208,-77.055589
279,-11.897758,-77.052034
280,-11.905870,-77.036721
281,-11.897758,-77.052034
282,-11.936117,-77.045937
283,-11.932861,-77.040674
284,-11.932861,-77.040674
285,-11.897758,-77.052034
286,-11.941740,-77.036314
287,0.000000,0.000000
288,-11.932861,-77.040674
289,-11.897758,-77.052034
290,-11.960282,-77.056718
291,-11.956760,-77.056468
292,-11.932861,-77.040674
293,-11.953999,-77.060743
294,-11.944946,-77.036637
295,-11.932861,-77.040674
296,-11.949796,-77.064611
297,-11.916998,-77.050014
298,-11.926297,-77.046036
299,-11.921434,-77.063844
300,-12.059330,-76.967117
301,0.000000,0.000000
302,-12.031316,-76.921335
303,-12.073549,-76.982791
304,0.000000,0.000000
305,0.000000,0.000000
306,-12.060490,-76.959293
307,-12.081666,-76.982010
308,-12.038728,-76.896873
309,0.000000,0.000000
310,0.000000,0.000000
311,-12.009320,-76.910767
312,-12.063786,-76.975783
313,-12.063786,-76.975783
314,-12.062709,-76.973384
315,-12.068351,-76.981796
316,-12.016571,-76.890907
317,-12.046189,-76.936470
318,-12.080725,-76.980790
319,-12.031316,-76.921335
320,-12.035070,-76.929558
321,0.000000,0.000000
322,-12.040632,-76.937449
323,0.000000,0.000000
324,-12.062362,-76.964188
325,-12.043746,-76.937708
326,-12.056887,-76.947819
327,-12.064301,-76.983773
328,0.000000,0.000000
329,-12.066241,-76.976070
330,0.000000,0.000000
331,-12.073955,-76.977875
332,-12.038728,-76.896873
333,-12.066241,-76.976070
334,-12.037153,-76.921624
335,0.000000,0.000000
336,-12.046304,-76.934137
337,-12.059164,-76.961230
338,-12.038728,-76.896873
339,-12.076336,-76.975366
340,-12.059330,-76.967117
341,-12.038728,-76.896873
342,-12.076054,-76.983871
343,-12.038728,-76.896873
344,-12.038728,-76.896873
345,-12.025964,-76.918890
346,-12.071361,-76.976907
347,-12.060347,-76.991411
348,-12.064456,-76.967427
349,-12.038728,-76.896873
350,0.000000,0.000000
351,0.000000,0.000000
352,-12.040632,-76.937449
353,-12.073342,-76.979723
354,-12.040632,-76.937449
355,-12.028847,-76.927847
356,-12.068939,-76.982478
357,-12.068723,-76.987073
358,0.000000,0.000000
359,-12.016571,-76.890907
360,0.000000,0.000000
361,-6.467670,-76.271697
362,-6.467670,-76.271697
363,-6.467670,-76.271697
364,0.000000,0.000000
365,0.000000,0.000000
366,-8.385871,-74.565896
367,-8.301676,-74.605781
368,0.000000,0.000000
369,0.000000,0.000000
370,-3.783352,-73.297906
371,0.000000,0.000000
372,-13.785273,-73.616065
373,-13.785273,-73.616065
374,0.000000,0.000000
375,-12.075964,-76.993555
376,-12.082125,-76.997046
377,0.000000,0.000000
378,0.000000,0.000000
379,-12.082125,-76.997046
380,0.000000,0.000000
381,0.000000,0.000000
382,-12.066140,-76.994267
383,0.000000,0.000000
384,-12.190871,-76.991260
385,-12.076876,-76.997757
386,0.000000,0.000000
387,0.000000,0.000000
388,0.000000,0.000000
389,-8.132002,-79.044840
390,-8.132002,-79.044840
391,0.000000,0.000000
392,-8.132002,-79.044840
393,-8.132002,-79.044840
394,0.000000,0.000000
395,0.000000,0.000000
396,-6.003604,-78.064141
397,-6.003604,-78.064141
398,0.000000,0.000000
399,0.000000,0.000000
400,-6.003604,-78.064141
401,-13.637348,-72.878874
402,-13.791000,-72.782300
403,0.000000,0.000000
404,0.000000,0.000000
405,-13.637348,-72.878874
406,-13.791000,-72.782300
407,-14.005858,-73.833658
408,-13.631104,-72.885365
409,0.000000,0.000000
410,-13.627866,-72.875428
411,-12.059116,-77.030657
412,-13.611966,-72.863796
413,-13.635908,-72.884747
414,-12.001725,-77.008411
415,0.000000,0.000000
416,-11.969312,-76.996443
417,-12.023542,-76.996469
418,-12.001725,-77.008411
419,-11.973199,-77.007515
420,-11.978850,-77.005066
421,-12.001725,-77.008411
422,-11.995546,-77.002089
423,0.000000,0.000000
424,-12.015146,-76.986577
425,-12.029991,-77.013911
426,0.000000,0.000000
427,-12.001725,-77.008411
428,-12.001725,-77.008411
429,0.000000,0.000000
430,-12.024639,-76.997190
431,-11.974837,-77.000405
432,-12.001725,-77.008411
433,-11.986180,-77.011555
434,-11.987023,-77.010479
435,-12.021470,-76.990969
436,-12.001725,-77.008411
437,0.000000,0.000000
438,-11.984763,-77.001174
439,-12.013017,-76.978120
440,-12.001725,-77.008411
441,-11.974467,-76.993692
442,-11.972233,-77.004215
443,-12.015624,-77.010085
444,-12.001725,-77.008411
445,0.000000,0.000000
446,0.000000,0.000000
447,-11.976083,-76.992226
448,-11.966549,-77.000024
449,0.000000,0.000000
450,0.000000,0.000000
451,-11.978530,-76.998992
452,-11.921884,-76.958358
453,-12.001725,-77.008411
454,-11.976083,-76.992226
455,-12.001725,-77.008411
456,0.000000,0.000000
457,-12.010008,-77.009640
458,-11.980187,-77.015614
459,-13.315270,-71.595863
460,-13.858100,-73.071874
461,-18.010882,-70.229861
462,-8.113157,-79.029641
463,-13.071825,-75.140173
464,-12.902149,-73.207133
465,-7.961753,-77.586087
466,-16.213287,-69.459157
467,0.000000,0.000000
468,-15.864569,-70.012302
469,-14.033857,-70.821278
470,-15.496136,-70.122292
471,-16.672547,-70.969152
472,-13.795109,-70.474036
473,-15.840758,-70.028391
474,-15.836364,-70.027283
475,0.000000,0.000000
476,-6.769566,-79.849965
477,-6.769566,-79.849965
478,-6.769566,-79.849965
479,-15.053056,-70.275748
480,-15.481093,-70.128745
481,-15.840758,-70.028391
482,-7.150744,-78.523951
483,-15.053842,-70.277015
484,0.000000,0.000000
485,-12.094212,-77.002477
486,0.000000,0.000000
487,-12.103437,-76.989863
488,-12.096452,-76.995690
489,-12.091052,-77.005737
490,0.000000,0.000000
491,-12.091926,-77.000567
492,-12.088993,-77.013989
493,-12.096452,-76.995690
494,0.000000,0.000000
495,0.000000,0.000000
496,-12.082887,-76.997661
497,0.000000,0.000000
498,-12.116800,-76.998228
499,-12.103437,-76.989863
500,0.000000,0.000000
501,-12.086465,-76.984267
502,0.000000,0.000000
503,-12.116800,-76.998228
504,0.000000,0.000000
505,0.000000,0.000000
506,-12.110300,-76.980708
507,-12.103437,-76.989863
508,0.000000,0.000000
509,0.000000,0.000000
510,-12.099242,-76.998367
511,0.000000,0.000000
512,0.000000,0.000000
513,0.000000,0.000000
514,-12.098018,-77.005417
515,-12.089693,-77.004102
516,-12.096452,-76.995690
517,-12.086465,-76.984267
518,-12.112654,-76.995894
519,-12.088993,-77.013989
520,-12.082887,-76.997661
521,0.000000,0.000000
522,0.000000,0.000000
523,-12.096452,-76.995690
524,-12.096452,-76.995690
525,-12.094212,-77.002477
526,0.000000,0.000000
527,-12.093956,-77.002490
528,-12.116800,-76.998228
529,-12.093196,-76.992177
530,-12.093956,-77.002490
531,-12.088993,-77.013989
532,-12.094212,-77.002477
533,0.000000,0.000000
534,-12.111686,-77.008971
535,-12.086465,-76.984267
536,-12.213503,-76.937026
537,-12.213503,-76.937026
538,0.000000,0.000000
539,0.000000,0.000000
540,0.000000,0.000000
541,0.000000,0.000000
542,-12.213503,-76.937026
543,0.000000,0.000000
544,-12.213503,-76.937026
545,-12.213503,-76.937026
546,-12.200320,-76.934965
547,-12.213503,-76.937026
548,-12.213503,-76.937026
549,-12.213503,-76.937026
550,0.000000,0.000000
551,-12.212337,-76.934956
552,-12.213503,-76.937026
553,-12.213503,-76.937026
554,0.000000,0.000000
555,-12.213503,-76.937026
556,-16.399234,-71.534061
557,-16.412640,-71.538596
558,-16.409624,-71.541390
559,-16.405840,-71.540145
560,-17.103078,-71.907048
561,-16.398867,-71.536961
562,-15.726745,-72.111088
563,-17.103078,-71.907048
564,-17.114443,-71.789654
565,0.000000,0.000000
566,-16.402433,-71.549093
567,-16.591930,-72.705022
568,-16.428304,-71.585499
569,-12.892504,-70.002343
570,-16.395349,-71.538066
571,-16.397541,-71.541979
572,-16.406769,-71.539414
573,-16.423103,-71.517433
574,-16.391961,-71.531444
575,-16.434990,-71.529362
576,-16.400923,-71.525436
577,-16.168864,-72.460752
578,-16.398867,-71.536961
579,-17.103078,-71.907048
580,0.000000,0.000000
581,-11.960247,-77.005447
582,-6.265595,-76.507365
583,-6.418788,-76.518328
584,0.000000,0.000000
585,-6.761702,-79.839483
586,-14.066614,-75.742888
587,-14.066614,-75.742888
588,-12.096094,-77.031566
589,-12.092290,-77.025676
590,-12.094775,-77.023775
591,-12.094062,-77.048211
592,-12.094062,-77.048211
593,0.000000,0.000000
594,-12.094631,-77.031201
595,-17.876852,-70.989701
596,-17.876852,-70.989701
597,-16.324028,-71.545835
598,-12.098209,-77.028069
599,-12.092290,-77.025676
600,-16.407849,-71.562634
601,-16.408200,-71.542985
602,0.000000,0.000000
603,-17.876852,-70.989701
604,-12.056014,-77.077621
605,-16.423314,-71.512396
606,-12.106764,-77.040806
607,-12.086465,-76.984267
608,-12.091147,-77.019035
609,-12.086465,-76.984267
610,-12.085163,-77.048635
611,-12.107205,-77.052133
612,-14.075809,-75.728454
613,-13.258419,-72.268328
614,-12.099729,-77.021211
615,-12.107205,-77.052133
616,-12.103895,-77.046166
617,0.000000,0.000000
618,0.000000,0.000000
619,-12.113857,-77.011782
620,-11.994205,-77.065181
621,-12.093434,-77.025815
622,-12.095434,-77.023316
623,-12.097223,-77.026935
624,-12.096094,-77.031566
625,-12.086465,-76.984267
626,0.000000,0.000000
627,-12.047557,-75.217014
628,-12.086465,-76.984267
629,-12.086465,-76.984267
630,-12.086465,-76.984267
631,-12.086465,-76.984267
632,-12.131837,-77.029980
633,-16.423314,-71.512396
634,-14.064057,-75.724535
635,-12.135864,-77.017726
636,-12.096094,-77.031566
637,-11.993813,-77.061147
638,-14.066614,-75.742888
639,-12.089618,-77.053979
640,-4.250793,-81.231111
641,-12.107205,-77.052133
642,-12.094154,-77.027800
643,0.000000,0.000000
644,-12.098209,-77.028069
645,0.000000,0.000000
646,0.000000,0.000000
647,0.000000,0.000000
648,-15.486047,-70.123996
649,0.000000,0.000000
650,-15.492588,-70.127070
651,-15.488677,-70.145894
652,-15.486047,-70.123996
653,-15.485492,-70.130928
654,-14.323684,-69.465086
655,0.000000,0.000000
656,-15.492606,-70.146481
657,-15.491594,-70.132216
658,-15.477566,-70.120510
659,-15.492571,-70.147524
660,-15.487675,-70.153700
661,-15.489214,-70.143747
662,-15.491594,-70.132216
663,-15.485948,-70.114826
664,-15.500910,-70.150814
665,0.000000,0.000000
666,-15.485492,-70.130928
667,0.000000,0.000000
668,0.000000,0.000000
669,-15.489924,-70.131410
670,-15.498932,-70.146549
671,0.000000,0.000000
672,-15.472232,-70.136353
673,-15.538462,-70.102403
674,-15.484201,-70.112884
675,-15.500182,-70.143567
676,-15.495373,-70.132479
677,-15.486047,-70.123996
678,-9.525582,-77.522693
679,0.000000,0.000000
680,-10.747765,-77.764486
681,0.000000,0.000000
682,-9.537592,-77.524556
683,-9.525975,-77.531166
684,-9.525494,-77.536087
685,-9.525441,-77.523291
686,0.000000,0.000000
687,0.000000,0.000000
688,-9.525975,-77.531166
689,0.000000,0.000000
690,-9.656389,-77.843313
691,-9.525975,-77.531166
692,-10.747765,-77.764486
693,0.000000,0.000000
694,0.000000,0.000000
695,0.000000,0.000000
696,-9.529749,-77.526733
697,-9.525494,-77.536087
698,-9.611843,-77.495242
699,-9.538571,-77.524050
700,-9.529851,-77.528998
701,-9.524833,-77.527847
702,-14.067647,-75.725662
703,-12.091515,-77.059827
704,0.000000,0.000000
705,0.000000,0.000000
706,-12.091515,-77.059827
707,0.000000,0.000000
708,-12.091919,-77.053725
709,0.000000,0.000000
710,-12.091112,-77.062025
711,-12.085370,-77.072812
712,0.000000,0.000000
713,0.000000,0.000000
714,0.000000,0.000000
715,-12.095715,-77.068243
716,0.000000,0.000000
717,-12.088989,-77.060557
718,-12.091112,-77.062025
719,0.000000,0.000000
720,-12.087463,-77.071448
721,0.000000,0.000000
722,0.000000,0.000000
723,0.000000,0.000000
724,0.000000,0.000000
725,-12.091112,-77.062025
726,-12.095715,-77.068243
727,-12.098817,-77.068745
728,-11.974245,-77.063391
729,0.000000,0.000000
730,0.000000,0.000000
731,-11.973897,-77.084260
732,-11.981085,-77.083208
733,0.000000,0.000000
734,-13.175166,-74.215003
735,-11.988306,-77.074411
736,0.000000,0.000000
737,-11.965985,-77.073071
738,0.000000,0.000000
739,0.000000,0.000000
740,-11.991965,-77.070935
741,-11.996114,-77.080214
742,-12.005577,-77.062704
743,-11.953187,-77.083354
744,-11.965985,-77.073071
745,-12.007853,-77.069128
746,0.000000,0.000000
747,-11.965985,-77.073071
748,-11.965807,-77.062688
749,-11.972156,-77.076648
750,-11.993414,-77.066378
751,0.000000,0.000000
752,-11.993414,-77.066378
753,0.000000,0.000000
754,-11.944757,-77.081132
755,-11.990495,-77.065839
756,-12.003350,-77.062497
757,-12.007853,-77.069128
758,-16.435823,-71.529791
759,-11.996104,-77.076859
760,-11.938431,-77.073750
761,-11.964790,-77.063534
762,-11.965985,-77.073071
763,-11.993824,-77.079641
764,-11.976275,-77.069297
765,-11.992794,-77.074483
766,-12.092523,-76.943561
767,-11.965985,-77.073071
768,-11.992353,-77.064902
769,-11.965985,-77.073071
770,-12.027193,-76.927047
771,-11.957220,-77.076321
772,-11.991965,-77.070935
773,-13.175166,-74.215003
774,-11.981085,-77.083208
775,-11.972335,-77.069957
776,-12.028246,-77.064496
777,-16.613884,-72.697190
778,0.000000,0.000000
779,-11.981073,-77.108958
780,-12.004812,-77.101779
781,-12.052263,-77.139113
782,-12.048751,-77.128398
783,-11.840089,-77.122051
784,0.000000,0.000000
785,-8.380675,-74.531168
786,0.000000,0.000000
787,-12.044880,-77.102917
788,-12.040164,-77.099249
789,-11.983711,-77.110889
790,-5.200509,-80.621783
791,0.000000,0.000000
792,-12.052263,-77.139113
793,-8.384577,-74.572340
794,-9.469175,-77.834500
795,-12.048751,-77.128398
796,-8.371529,-74.542452
797,0.000000,0.000000
798,-5.200509,-80.621783
799,-12.047690,-77.089673
800,-12.023362,-77.095070
801,-12.007352,-77.100942
802,-12.052913,-77.138164
803,-12.004812,-77.101779
804,-11.992282,-77.116501
805,-8.387148,-74.573596
806,-12.029818,-77.016921
807,-16.445048,-71.552963
808,-8.382184,-74.538754
809,-11.827235,-77.130444
810,-12.033034,-77.137912
811,0.000000,0.000000
812,-9.469175,-77.834500
813,-12.047690,-77.089673
814,0.000000,0.000000
815,-12.044880,-77.102917
816,0.000000,0.000000
817,-12.023829,-77.096903
818,-12.040164,-77.099249
819,-10.728302,-77.775716
820,-10.728302,-77.775716
821,-12.059430,-77.035459
822,0.000000,0.000000
823,-12.023539,-77.010736
824,-12.048406,-77.072931
825,-11.106653,-77.582228
826,-11.106653,-77.582228
827,-10.728302,-77.775716
828,-17.193502,-70.936272
829,-12.058020,-77.039235
830,-12.999961,-75.836901
831,-12.065965,-77.077292
832,-12.058020,-77.039235
833,-12.045693,-77.035116
834,-12.071978,-77.010702
835,-6.932867,-76.771856
836,-12.045693,-77.035116
837,-16.401136,-71.541504
838,-10.728302,-77.775716
839,-12.820980,-76.359426
840,-15.381256,-71.472793
841,-12.047128,-77.061024
842,-11.964825,-77.057662
843,-11.974461,-77.076718
844,-15.381256,-71.472793
845,-9.160638,-77.365627
846,-12.058020,-77.039235
847,0.000000,0.000000
848,-11.958695,-77.002480
849,-12.059430,-77.035459
850,0.000000,0.000000
851,-12.057265,-76.938313
852,-11.921998,-77.071814
853,-12.027997,-77.015679
854,-11.949760,-77.050379
855,-12.046883,-77.068241
856,0.000000,0.000000
857,-11.925895,-77.036957
858,-12.046582,-77.045497
859,-12.050945,-77.011722
860,0.000000,0.000000
861,-12.037066,-77.072253
862,-12.047128,-77.061024
863,-12.071488,-77.037716
864,-12.041684,-77.077055
865,-12.058020,-77.039235
866,-12.041684,-77.077055
867,-10.948221,-77.100194
868,-12.076748,-76.984722
869,-12.076991,-77.030997
870,-12.047128,-77.061024
871,-12.045468,-77.064446
872,-12.064514,-77.072595
873,-11.926188,-77.037333
874,-12.045693,-77.035116
875,0.000000,0.000000
876,-11.974461,-77.076718
877,-16.401136,-71.541504
878,-11.129197,-77.616083
879,-12.006685,-77.082148
880,-12.045575,-77.040997
881,-12.018849,-77.085881
882,-12.019743,-76.955795
883,-11.935218,-77.040955
884,-11.949760,-77.050379
885,-12.045693,-77.035116
886,-12.045693,-77.035116
887,-12.057265,-76.938313
888,-17.193502,-70.936272
889,-11.960089,-77.055215
890,-11.988305,-77.019074
891,0.000000,0.000000
892,-11.945690,-77.050850
893,-12.045693,-77.035116
894,-10.728302,-77.775716
895,-12.058186,-77.075131
896,-12.076845,-77.029331
897,-11.562770,-77.269996
898,-12.080099,-76.991916
899,-12.164783,-77.025227
900,-11.696977,-76.867527
901,-12.057265,-76.938313
902,0.000000,0.000000
903,0.000000,0.000000
904,-12.075233,-76.990595
905,-12.042062,-77.066592
906,-12.043200,-77.067705
907,-12.006481,-77.049847
908,-12.006481,-77.049847
909,-12.006481,-77.049847
910,-12.073491,-77.036537
911,-12.058020,-77.039235
912,-12.006481,-77.049847
913,-11.925895,-77.036957
914,0.000000,0.000000
915,-12.043667,-77.030214
916,-12.043667,-77.030214
917,-12.035851,-77.086616
918,-12.034869,-77.082360
919,-15.053842,-70.277015
920,-12.049935,-77.067007
921,-17.193502,-70.936272
922,-11.988305,-77.019074
923,-12.058020,-77.039235
924,-12.027553,-77.004397
925,-12.029691,-77.090324
926,-12.054305,-77.079283
927,-12.044670,-77.024987
928,-12.041178,-77.007318
929,-12.006481,-77.049847
930,-11.562770,-77.269996
931,-12.078796,-76.986981
932,-17.193502,-70.936272
933,-12.045693,-77.035116
934,-17.193502,-70.936272
935,-12.046820,-77.063275
936,-12.052695,-77.062377
937,-12.006481,-77.049847
938,-12.019743,-76.955795
939,-12.892513,-75.793358
940,-12.042062,-77.066592
941,-12.006481,-77.049847
942,-12.035851,-77.086616
943,-12.058249,-77.024602
944,-12.045693,-77.035116
945,-11.913114,-76.967609
946,-11.129197,-77.616083
947,-12.078804,-77.096267
948,-12.079003,-77.082406
949,-12.068079,-77.094966
950,-12.076906,-77.105610
951,-12.076407,-77.102926
952,-3.632168,-73.202969
953,-8.307262,-74.596482
954,-12.027106,-77.082132
955,0.000000,0.000000
956,-12.031730,-76.963483
957,0.000000,0.000000
958,0.000000,0.000000
959,-6.237499,-78.896390
960,-12.078804,-77.096267
961,-12.065663,-77.100749
962,-12.073672,-77.094274
963,0.000000,0.000000
964,-12.080947,-77.103284
965,-12.076025,-77.085155
966,0.000000,0.000000
967,-12.076830,-77.082477
968,-12.085375,-77.074823
969,-8.086455,-78.959412
970,-12.079600,-77.080411
971,-12.076830,-77.082477
972,-12.086266,-77.086568
973,-12.082438,-77.089083
974,-12.060870,-77.070024
975,-12.157071,-76.987300
976,-12.077318,-77.099862
977,-12.077407,-77.101795
978,0.000000,0.000000
979,-12.078804,-77.096267
980,0.000000,0.000000
981,-12.082002,-77.031612
982,0.000000,0.000000
983,-12.081691,-77.041884
984,-12.082002,-77.031612
985,0.000000,0.000000
986,-12.080490,-77.028613
987,-12.082002,-77.031612
988,-12.082641,-77.037363
989,-12.088195,-77.027487
990,-12.082500,-77.035400
991,0.000000,0.000000
992,0.000000,0.000000
993,0.000000,0.000000
994,-12.084466,-77.033335
995,-12.077548,-77.034359
996,0.000000,0.000000
997,0.000000,0.000000
998,-12.089831,-77.039114
999,-12.075923,-77.038206
1000,-12.077654,-77.028905
1001,-12.082002,-77.031612
1002,-12.077548,-77.034359
1003,0.000000,0.000000
1004,-12.089543,-77.042005
1005,0.000000,0.000000
1006,-12.089088,-77.037495
1007,0.000000,0.000000
1008,0.000000,0.000000
1009,0.000000,0.000000
1010,-12.080490,-77.028613
1011,-12.082641,-77.037363
1012,-12.080490,-77.028613
1013,-12.089246,-77.029517
1014,-12.088094,-77.047883
1015,-14.272816,-71.226498
1016,0.000000,0.000000
1017,0.000000,0.000000
1018,0.000000,0.000000
1019,0.000000,0.000000
1020,-12.099133,-76.972709
1021,-12.101556,-76.970487
1022,-12.125105,-76.982160
1023,-12.146699,-77.005823
1024,0.000000,0.000000
1025,0.000000,0.000000
1026,-12.135374,-77.006857
1027,-12.133433,-76.955073
1028,0.000000,0.000000
1029,-12.142588,-76.991009
1030,-12.099133,-76.972709
1031,-12.129341,-76.998122
1032,-12.101556,-76.970487
1033,-12.128591,-77.001355
1034,0.000000,0.000000
1035,-12.136523,-77.016909
1036,0.000000,0.000000
1037,-12.133433,-76.955073
1038,-12.128591,-77.001355
1039,0.000000,0.000000
1040,-12.135374,-77.006857
1041,-12.136430,-77.005131
1042,-12.126235,-76.974165
1043,-12.115229,-76.965324
1044,0.000000,0.000000
1045,0.000000,0.000000
1046,0.000000,0.000000
1047,0.000000,0.000000
1048,0.000000,0.000000
1049,-12.112653,-76.973877
1050,-12.125105,-76.982160
1051,-12.120022,-76.976918
1052,-12.164523,-76.986423
1053,0.000000,0.000000
1054,-12.099133,-76.972709
1055,-12.135666,-76.991926
1056,-12.106860,-76.968374
1057,0.000000,0.000000
1058,0.000000,0.000000
1059,-12.120022,-76.976918
1060,0.000000,0.000000
1061,0.000000,0.000000
1062,-12.099133,-76.972709
1063,0.000000,0.000000
1064,-12.113511,-76.993232
1065,0.000000,0.000000
1066,-12.097256,-76.969715
1067,-12.105507,-76.976329
1068,-12.099945,-76.971527
1069,-12.101556,-76.970487
1070,-12.140598,-76.989865
1071,-12.141595,-76.985459
1072,-12.142078,-77.004595
1073,-12.097256,-76.969715
1074,-12.100125,-76.976320
1075,0.000000,0.000000
1076,-12.135374,-77.006857
1077,-12.099133,-76.972709
1078,-12.127433,-76.973489
1079,0.000000,0.000000
1080,-12.099133,-76.972709
1081,-12.134550,-77.007937
1082,0.000000,0.000000
1083,-12.125105,-76.982160
1084,-12.101556,-76.970487
1085,-12.125105,-76.982160
1086,-12.126912,-77.000141
1087,-3.949960,-73.262800
1088,-14.070758,-75.726660
1089,-3.736101,-73.256747
1090,-3.741078,-73.246703
1091,-3.817962,-73.459349
1092,0.000000,0.000000
1093,-3.754309,-73.249802
1094,-3.746495,-73.241693
1095,-3.749146,-73.251095
1096,-16.443845,-71.531567
1097,-3.758801,-73.251237
1098,-3.738347,-73.255387
1099,-3.763273,-73.252786
1100,0.000000,0.000000
1101,-3.738347,-73.255387
1102,-5.459719,-74.176012
1103,-3.747596,-73.249020
1104,-3.736101,-73.256747
1105,-3.747288,-73.247421
1106,-3.941209,-73.396154
1107,-3.746495,-73.241693
1108,-3.751571,-73.246328
1109,-3.741078,-73.246703
1110,-3.648559,-73.235927
1111,-3.747842,-73.243881
1112,-11.918493,-75.316121
1113,0.000000,0.000000
1114,-3.750997,-73.251798
1115,-3.747878,-73.252216
1116,-16.337642,-71.496892
1117,-16.337642,-71.496892
1118,-16.337642,-71.496892
1119,0.000000,0.000000
1120,-5.616358,-75.981100
1121,-16.376155,-71.513849
1122,-16.337642,-71.496892
1123,-16.337642,-71.496892
1124,-6.758561,-79.830392
1125,-6.758605,-79.843307
1126,-6.756762,-79.841860
1127,-6.761456,-79.842005
1128,-6.756762,-79.841860
1129,-6.751911,-79.832781
1130,-6.752621,-79.842410
1131,-6.746598,-79.829535
1132,-6.750985,-79.847560
1133,-6.745506,-79.846079
1134,-6.760579,-79.835827
1135,0.000000,0.000000
1136,-13.029884,-74.215426
1137,-14.000000,-74.000000
1138,-15.277662,-74.283659
1139,0.000000,0.000000
1140,-14.000000,-74.000000
1141,-13.164901,-74.216861
1142,-14.000000,-74.000000
1143,-14.000000,-74.000000
1144,-12.360867,-74.553517
1145,-14.152242,-73.735262
1146,-12.938170,-73.527442
1147,-14.000000,-74.000000
1148,-18.013775,-70.249611
1149,-12.707415,-74.329931
1150,-13.029884,-74.215426
1151,-14.000000,-74.000000
1152,-14.000000,-74.000000
1153,-13.149183,-74.227914
1154,-14.000000,-74.000000
1155,-14.000000,-74.000000
1156,-11.988305,-77.019074
1157,-14.000000,-74.000000
1158,-7.157027,-78.510540
1159,-14.000000,-74.000000
1160,-14.000000,-74.000000
1161,-12.032376,-77.040271
1162,0.000000,0.000000
1163,-12.032376,-77.040271
1164,0.000000,0.000000
1165,-12.039940,-77.029874
1166,-6.779651,-79.848473
1167,-12.020304,-77.035463
1168,0.000000,0.000000
1169,-17.193502,-70.936272
1170,-16.833333,-70.916667
1171,-17.193020,-70.938145
1172,-17.177038,-70.923104
1173,0.000000,0.000000
1174,-17.077435,-70.845233
1175,-17.195561,-70.933051
1176,-16.833333,-70.916667
1177,-17.189947,-70.943139
1178,0.000000,0.000000
1179,-17.193268,-70.931491
1180,0.000000,0.000000
1181,-17.195901,-70.937153
1182,-17.195463,-70.936566
1183,-16.833333,-70.916667
1184,0.000000,0.000000
1185,-13.523734,-71.981180
1186,-11.731948,-72.942793
1187,-13.421138,-71.850875
1188,-13.421138,-71.850875
1189,-13.332100,-71.952000
1190,-13.522243,-71.973075
1191,-13.337263,-72.158384
1192,-13.525455,-71.945731
1193,-13.523257,-71.978605
1194,-13.523257,-71.978605
1195,-13.404987,-76.144773
1196,0.000000,0.000000
1197,-12.122587,-77.040305
1198,-16.384957,-71.513551
1199,0.000000,0.000000
1200,-12.123328,-77.031824
1201,-16.398419,-71.531213
1202,-8.101070,-79.021290
1203,0.000000,0.000000
1204,0.000000,0.000000
1205,-18.013170,-70.238031
1206,-16.398419,-71.531213
1207,-16.397373,-71.526687
1208,-16.408846,-71.532910
1209,-5.906009,-77.039282
1210,-16.397373,-71.526687
1211,-12.124214,-77.031074
1212,-12.121162,-77.028501
1213,0.000000,0.000000
1214,-16.398419,-71.531213
1215,-16.386340,-71.526120
1216,-12.118365,-77.025328
1217,0.000000,0.000000
1218,-12.124214,-77.031074
1219,-12.109977,-77.052865
1220,-16.398419,-71.531213
1221,0.000000,0.000000
1222,-16.398419,-71.531213
1223,-12.121909,-77.023886
1224,-18.013170,-70.238031
1225,-16.403230,-71.530328
1226,-16.397373,-71.526687
1227,-12.124214,-77.031074
1228,0.000000,0.000000
1229,-17.855053,-70.549462
1230,0.000000,0.000000
1231,-12.116890,-77.037029
1232,-12.121495,-77.027730
1233,-16.408953,-71.540875
1234,-12.124214,-77.031074
1235,-12.120989,-77.030275
1236,-16.397373,-71.526687
1237,-12.125291,-77.015648
1238,-6.888238,-79.557250
1239,0.000000,0.000000
1240,-12.121495,-77.027730
1241,-12.171019,-76.957601
1242,-6.610877,-78.836465
1243,0.000000,0.000000
1244,-12.124214,-77.031074
1245,-8.101070,-79.021290
1246,-12.119899,-77.030243
1247,-12.116890,-77.037029
1248,-12.107158,-77.030890
1249,-12.165612,-76.965683
1250,-12.108467,-77.028686
1251,-16.383357,-71.512229
1252,-12.118873,-77.035969
1253,-16.403809,-71.539395
1254,-12.129597,-77.031740
1255,-12.118873,-77.035969
1256,-16.398419,-71.531213
1257,-16.403809,-71.539395
1258,-16.397373,-71.526687
1259,-12.108467,-77.028686
1260,-8.101070,-79.021290
1261,-18.013170,-70.238031
1262,-12.113836,-77.031346
1263,-16.397373,-71.526687
1264,-5.906009,-77.039282
1265,-12.107158,-77.030890
1266,-16.350181,-71.462440
1267,0.000000,0.000000
1268,-12.124214,-77.031074
1269,-12.133874,-76.962610
1270,0.000000,0.000000
1271,-12.103572,-77.031555
1272,-12.116926,-77.045818
1273,-16.408953,-71.540875
1274,-8.101070,-79.021290
1275,-12.119643,-77.033820
1276,-12.138179,-77.027947
1277,-12.125323,-77.018160
1278,-12.125123,-77.033954
1279,-6.610877,-78.836465
1280,-12.121495,-77.027730
1281,-12.116890,-77.037029
1282,0.000000,0.000000
1283,-12.079316,-77.071431
1284,-12.080231,-77.058869
1285,-9.151295,-77.818352
1286,-12.077207,-77.068593
1287,-12.070526,-77.070387
1288,-12.078613,-77.069815
1289,-9.151295,-77.818352
1290,-9.151295,-77.818352
1291,-12.072051,-77.074178
1292,0.000000,0.000000
1293,-12.083116,-77.063209
1294,0.000000,0.000000
1295,0.000000,0.000000
1296,-12.073708,-77.072960
1297,-12.070948,-77.064096
1298,0.000000,0.000000
1299,-12.076250,-77.072054
1300,-12.080165,-77.076018
1301,-16.088200,-69.638800
1302,-12.077744,-77.062246
1303,-12.070388,-77.057344
1304,-12.070657,-77.060390
1305,-12.074996,-77.058108
1306,-12.074790,-77.074781
1307,0.000000,0.000000
1308,-12.077781,-76.989423
1309,-11.972180,-75.147342
1310,0.000000,0.000000
1311,-16.463428,-71.880518
1312,0.000000,0.000000
1313,-12.050133,-75.205696
1314,-12.055948,-75.235275
1315,-12.056666,-75.234349
1316,-12.053445,-75.235378
1317,-12.033997,-75.225750
1318,-12.049177,-75.219235
1319,-11.972180,-75.147342
1320,0.000000,0.000000
1321,0.000000,0.000000
1322,-12.049475,-75.224947
1323,-12.054936,-75.213515
1324,-9.361119,-77.542233
1325,0.000000,0.000000
1326,-9.137897,-76.940241
1327,0.000000,0.000000
1328,0.000000,0.000000
1329,0.000000,0.000000
1330,0.000000,0.000000
1331,0.000000,0.000000
1332,0.000000,0.000000
1333,-12.590577,-69.186122
1334,0.000000,0.000000
1335,-12.595081,-69.194322
1336,-12.243695,-69.670344
1337,-12.601716,-69.188691
1338,-12.593816,-69.173864
1339,0.000000,0.000000
1340,0.000000,0.000000
1341,-12.580930,-69.200917
1342,0.000000,0.000000
1343,-12.596555,-69.177864
1344,-12.590329,-69.191422
1345,-9.933542,-76.244492
1346,-9.500000,-75.833333
1347,-14.065971,-75.730094
1348,-15.280261,-73.346227
1349,-9.401971,-76.765243
1350,-9.934449,-76.251345
1351,-9.096161,-76.012360
1352,-9.957765,-76.250006
1353,-9.929325,-76.239485
1354,-9.916563,-76.236515
1355,-9.916563,-76.236515
1356,-9.928921,-76.247445
1357,-9.929325,-76.239485
1358,-9.939478,-76.248715
1359,-14.065971,-75.730094
1360,-9.088453,-78.569052
1361,-9.096161,-76.012360
1362,-9.138858,-75.882870
1363,-9.394739,-76.024883
1364,-9.939478,-76.248715
1365,-10.308201,-76.798843
1366,-9.138858,-75.882870
1367,-9.928921,-76.247445
1368,-9.916563,-76.236515
1369,-17.996411,-70.219870
1370,0.000000,0.000000
1371,0.000000,0.000000
1372,-12.223383,-76.847707
1373,0.000000,0.000000
1374,-12.223383,-76.847707
1375,-12.019216,-76.965359
1376,0.000000,0.000000
1377,-12.043273,-76.961946
1378,-12.033010,-76.949813
1379,-12.223383,-76.847707
1380,-12.050649,-76.964334
1381,-12.033010,-76.949813
1382,-12.046262,-76.977774
1383,-12.033456,-76.955925
1384,0.000000,0.000000
1385,0.000000,0.000000
1386,0.000000,0.000000
1387,-12.050649,-76.964334
1388,0.000000,0.000000
1389,-12.223383,-76.847707
1390,0.000000,0.000000
1391,0.000000,0.000000
1392,-12.020825,-76.958741
1393,-12.071151,-76.967623
1394,-12.038114,-76.970016
1395,-12.033010,-76.949813
1396,-12.053464,-76.964945
1397,-12.223383,-76.847707
1398,-12.021267,-76.970505
1399,-12.223383,-76.847707
1400,-12.050666,-76.976983
1401,-12.229263,-76.859123
1402,-12.071151,-76.967623
1403,-12.021267,-76.970505
1404,-12.051498,-76.978343
1405,-12.100170,-77.019064
1406,-12.111066,-76.988296
1407,-12.114281,-77.000261
1408,-12.111066,-76.988296
1409,-12.108204,-77.025883
1410,-12.106490,-77.025712
1411,-12.102094,-77.019637
1412,-12.115253,-77.007993
1413,-12.118030,-77.025476
1414,-12.114198,-77.010475
1415,-12.113409,-77.006530
1416,-12.113690,-77.001435
1417,-12.100170,-77.019064
1418,-12.114281,-77.000261
1419,-12.118758,-77.000526
1420,-12.116493,-77.009737
1421,-12.104793,-77.024351
1422,-12.116493,-77.009737
1423,-12.111066,-76.988296
1424,-12.117367,-77.005078
1425,0.000000,0.000000
1426,-12.114281,-77.002557
1427,-12.110183,-77.023593
1428,-12.105086,-77.020823
1429,-12.103632,-77.022454
1430,-12.114676,-77.016796
1431,-12.112779,-77.003758
1432,-12.113744,-77.007594
1433,-8.079493,-79.120267
1434,-8.079493,-79.120267
1435,0.000000,0.000000
1436,-8.079493,-79.120267
1437,-8.079493,-79.120267
1438,-8.100230,-79.062046
1439,-12.028911,-76.991629
1440,0.000000,0.000000
1441,-12.058748,-76.974070
1442,-12.047713,-77.008575
1443,-12.058748,-76.974070
1444,-12.044015,-76.973010
1445,-12.019509,-77.001853
1446,-12.032097,-77.007791
1447,-12.042052,-76.995714
1448,-6.137399,-75.044974
1449,0.000000,0.000000
1450,-6.033595,-76.981641
1451,-5.864764,-77.035767
1452,-6.043961,-76.974919
1453,-6.034730,-76.974677
1454,0.000000,0.000000
1455,-6.041893,-76.970302
1456,-6.030342,-76.967330
1457,-6.034188,-76.968692
1458,-6.034894,-76.976645
1459,-6.034894,-76.976645
1460,-6.030815,-76.971901
1461,0.000000,0.000000
1462,-5.709507,-78.807411
1463,-5.750781,-78.790906
1464,0.000000,0.000000
1465,-5.711802,-78.805380
1466,-5.708702,-78.811691
1467,-5.696637,-78.806933
1468,0.000000,0.000000
1469,-5.705710,-78.804845
1470,-5.705710,-78.804845
1471,-5.708702,-78.811691
1472,-5.711317,-78.811205
1473,-5.705710,-78.804845
1474,-5.711317,-78.811205
1475,-5.705710,-78.804845
1476,-5.714308,-78.797950
1477,0.000000,0.000000
1478,-5.716296,-78.807254
1479,-5.432437,-78.568854
1480,-5.709587,-78.799145
1481,-5.690666,-78.797558
1482,-5.886379,-78.915267
1483,-5.708954,-78.807605
1484,0.000000,0.000000
1485,-5.714556,-78.801423
1486,0.000000,0.000000
1487,-9.940756,-76.238602
1488,0.000000,0.000000
1489,0.000000,0.000000
1490,0.000000,0.000000
1491,-9.944617,-76.248981
1492,0.000000,0.000000
1493,0.000000,0.000000
1494,0.000000,0.000000
1495,-9.946146,-76.249571
1496,-9.908434,-76.232455
1497,-16.397266,-71.568489
1498,-7.815517,-78.046638
1499,-7.814647,-78.047840
1500,-7.816322,-78.049828
1501,0.000000,0.000000
1502,0.000000,0.000000
1503,-7.813854,-78.045251
1504,-7.810088,-78.046887
1505,-7.810088,-78.046887
1506,0.000000,0.000000
1507,-12.097959,-77.022395
1508,-7.684248,-76.315338
1509,-13.635364,-72.895319
1510,-5.091656,-73.963456
1511,-12.058975,-77.095751
1512,-7.684248,-76.315338
1513,-13.635364,-72.895319
1514,-12.013672,-77.000588
1515,-14.338611,-75.648333
1516,-14.053242,-75.730558
1517,-13.147901,-75.754259
1518,-14.068516,-75.733804
1519,-14.338611,-75.648333
1520,-14.338611,-75.648333
1521,0.000000,0.000000
1522,-14.051253,-75.702027
1523,-14.079861,-75.726815
1524,-14.051565,-75.760221
1525,-14.338611,-75.648333
1526,-14.565931,-75.216257
1527,-14.548263,-75.185423
1528,-14.338611,-75.648333
1529,-14.070802,-70.430472
1530,-5.898750,-76.106157
1531,-5.892196,-76.104817
1532,-5.897860,-76.111171
1533,-6.007740,-76.250370
1534,0.000000,0.000000
1535,0.000000,0.000000
1536,-5.885707,-76.116791
1537,-5.895232,-76.231848
1538,-5.898047,-76.111177
1539,0.000000,0.000000
1540,-5.895072,-76.104802
1541,-5.889380,-76.105832
1542,-5.889380,-76.105832
1543,0.000000,0.000000
1544,-16.279394,-71.460312
1545,-16.279394,-71.460312
1546,-16.319851,-71.544091
1547,0.000000,0.000000
1548,-5.642381,-78.526588
1549,-5.760437,-78.431579
1550,-5.686770,-78.479851
1551,-5.639087,-78.531725
1552,0.000000,0.000000
1553,-5.633838,-78.532460
1554,-5.635505,-78.532712
1555,-12.080947,-77.103284
1556,-11.372247,-76.798643
1557,-12.077067,-77.105287
1558,-12.068333,-77.132317
1559,-12.066845,-77.114912
1560,-12.072201,-77.106514
1561,-12.065695,-77.110884
1562,0.000000,0.000000
1563,-12.076279,-75.225934
1564,-7.280933,-79.474420
1565,0.000000,0.000000
1566,-6.490068,-76.373332
1567,-6.664709,-76.287695
1568,-6.505837,-76.367860
1569,-12.077643,-77.014405
1570,-6.494582,-76.380044
1571,0.000000,0.000000
1572,0.000000,0.000000
1573,-6.482653,-76.378318
1574,-6.471200,-76.398478
1575,-12.077643,-77.014405
1576,-6.499347,-76.371396
1577,0.000000,0.000000
1578,-6.488903,-76.375521
1579,0.000000,0.000000
1580,-6.490068,-76.373332
1581,-6.572393,-76.128836
1582,-6.499347,-76.371396
1583,0.000000,0.000000
1584,-6.487720,-76.359871
1585,-6.483189,-76.356767
1586,-6.485632,-76.367433
1587,0.000000,0.000000
1588,-6.483054,-76.356981
1589,0.000000,0.000000
1590,-6.499347,-76.371396
1591,-6.487720,-76.359871
1592,-6.488903,-76.375521
1593,0.000000,0.000000
1594,-9.074497,-78.593609
1595,-9.074497,-78.593609
1596,-9.074497,-78.593609
1597,-9.050833,-78.581622
1598,-9.074497,-78.593609
1599,-9.074497,-78.593609
1600,-9.122116,-78.530975
1601,-9.074497,-78.593609
1602,-9.050833,-78.581622
1603,-9.077416,-78.581475
1604,-9.058293,-78.588219
1605,-9.117548,-78.539169
1606,-9.074497,-78.593609
1607,-9.062330,-78.586600
1608,-9.074497,-78.593609
1609,-8.080253,-79.005091
1610,-8.851105,-76.073630
1611,0.000000,0.000000
1612,0.000000,0.000000
1613,0.000000,0.000000
1614,-8.258855,-74.510516
1615,0.000000,0.000000
1616,-8.378590,-74.532289
1617,-8.383546,-74.534466
1618,-8.073595,-74.556373
1619,-8.377243,-74.526926
1620,-7.981785,-74.237473
1621,-8.381505,-74.561996
1622,-8.383546,-74.534466
1623,-8.380215,-74.528228
1624,-8.385332,-74.531647
1625,-8.388299,-74.531360
1626,-8.385393,-74.545347
1627,-8.382112,-74.534717
1628,-8.378590,-74.532289
1629,-8.433640,-74.240330
1630,-8.379183,-74.535254
1631,-15.118963,-72.753896
1632,-12.087598,-75.193207
1633,-12.091510,-75.203615
1634,-12.086933,-75.220102
1635,-12.518573,-76.738149
1636,0.000000,0.000000
1637,0.000000,0.000000
1638,0.000000,0.000000
1639,-11.794993,-76.989292
1640,-11.883634,-77.018331
1641,-11.859097,-77.046297
1642,-11.903865,-77.035322
1643,-11.898078,-77.057208
1644,-11.794993,-76.989292
1645,-11.794993,-76.989292
1646,-11.794993,-76.989292
1647,-11.794993,-76.989292
1648,0.000000,0.000000
1649,-11.794993,-76.989292
1650,-11.794993,-76.989292
1651,-11.912587,-77.023992
1652,-11.819029,-77.044918
1653,-11.898287,-77.027767
1654,0.000000,0.000000
1655,-6.477852,-76.385978
1656,-6.483161,-76.379682
1657,-6.480258,-76.375672
1658,-11.884624,-77.060576
1659,-6.483161,-76.379682
1660,0.000000,0.000000
1661,-6.476172,-76.380581
1662,0.000000,0.000000
1663,0.000000,0.000000
1664,-12.171621,-76.963993
1665,0.000000,0.000000
1666,-9.118382,-78.458793
1667,-9.118382,-78.458793
1668,-9.118382,-78.458793
1669,-9.118382,-78.458793
1670,-9.115506,-78.517619
1671,-9.118382,-78.458793
1672,-9.118382,-78.458793
1673,-9.118382,-78.458793
1674,-9.118382,-78.458793
1675,0.000000,0.000000
1676,0.000000,0.000000
1677,0.000000,0.000000
1678,-13.523944,-71.968823
1679,0.000000,0.000000
1680,-13.529336,-71.955288
1681,-13.529336,-71.955288
1682,-13.529336,-71.955288
1683,-13.525516,-71.963542
1684,-13.525516,-71.963542
1685,-13.525516,-71.963542
1686,0.000000,0.000000
1687,-13.522709,-71.969662
1688,-13.522709,-71.969662
1689,-13.529336,-71.955288
1690,-13.534858,-71.958283
1691,-13.525516,-71.963542
1692,-13.529336,-71.955288
1693,-13.529336,-71.955288
1694,-13.529336,-71.955288
1695,-13.532034,-71.966994
1696,0.000000,0.000000
1697,-13.525516,-71.963542
1698,0.000000,0.000000
1699,-13.161656,-74.218346
1700,0.000000,0.000000
1701,-13.158248,-74.217760
1702,-13.158248,-74.217760
1703,-13.151920,-74.214353
1704,-13.158248,-74.217760
1705,0.000000,0.000000
1706,-9.347909,-77.170447
1707,-9.348496,-77.172248
1708,-9.200829,-76.786755
1709,-4.901696,-80.697342
1710,0.000000,0.000000
1711,0.000000,0.000000
1712,-4.568450,-80.644694
1713,-4.901696,-80.697342
1714,-7.324390,-78.184158
1715,-7.324390,-78.184158
1716,-6.543475,-78.417013
1717,-5.814026,-78.821341
1718,-7.180703,-78.497982
1719,-6.682210,-78.520149
1720,-7.153846,-78.527346
1721,-7.150908,-78.522913
1722,-18.005351,-70.235296
1723,0.000000,0.000000
1724,-7.166201,-78.507994
1725,0.000000,0.000000
1726,-7.147066,-78.522807
1727,0.000000,0.000000
1728,-7.162127,-78.515499
1729,0.000000,0.000000
1730,-6.195920,-79.116685
1731,-5.814026,-78.821341
1732,-7.150004,-78.508044
1733,-6.754822,-78.354220
1734,-7.162711,-78.515248
1735,-7.166454,-78.514622
1736,-7.150761,-78.509149
1737,-6.250000,-78.833333
1738,-5.814026,-78.821341
1739,0.000000,0.000000
1740,-5.814026,-78.821341
1741,0.000000,0.000000
1742,-7.181352,-76.729315
1743,-7.179377,-76.728074
1744,-7.181352,-76.729315
1745,-13.680819,-76.154926
1746,-16.297999,-71.573948
1747,0.000000,0.000000
1748,-16.353626,-71.565162
1749,-16.354292,-71.559889
1750,-16.345953,-71.574759
1751,-11.865865,-76.894810
1752,-16.384532,-71.572842
1753,-16.386436,-71.553978
1754,0.000000,0.000000
1755,0.000000,0.000000
1756,-11.865865,-76.894810
1757,-4.159661,-70.288219
1758,-4.159661,-70.288219
1759,-4.159661,-70.288219
1760,-4.159661,-70.288219
1761,-4.159661,-70.288219
1762,0.000000,0.000000
1763,0.000000,0.000000
1764,0.000000,0.000000
1765,0.000000,0.000000
1766,0.000000,0.000000
1767,-12.130531,-76.959412
1768,-12.155852,-76.972129
1769,-12.174560,-76.964842
1770,-12.155852,-76.972129
1771,0.000000,0.000000
1772,-12.150573,-76.978434
1773,-12.174560,-76.964842
1774,0.000000,0.000000
1775,-12.155852,-76.972129
1776,0.000000,0.000000
1777,-12.165446,-76.959481
1778,0.000000,0.000000
1779,0.000000,0.000000
1780,-12.037789,-75.196107
1781,-12.068021,-75.198039
1782,-12.048153,-75.197114
1783,-12.024655,-75.181963
1784,-12.068635,-75.202431
1785,-12.050225,-75.190241
1786,0.000000,0.000000
1787,-12.077812,-75.225986
1788,-4.656935,-75.956480
1789,-12.071646,-75.220055
1790,-12.068021,-75.198039
1791,-12.102471,-75.189372
1792,-7.165087,-78.502457
1793,-12.070743,-75.207614
1794,-12.074260,-75.224118
1795,0.000000,0.000000
1796,-12.022580,-75.225680
1797,-12.071646,-75.220055
1798,-4.656935,-75.956480
1799,0.000000,0.000000
1800,0.000000,0.000000
1801,-3.833333,-80.500000
1802,-4.899423,-80.691166
1803,-3.572040,-80.457163
1804,-3.509574,-80.303185
1805,-3.565831,-80.422004
1806,-16.433172,-71.523314
1807,-16.428663,-71.537780
1808,-16.444174,-71.515311
1809,-16.428663,-71.537780
1810,-16.423103,-71.517433
1811,-16.433172,-71.523314
1812,-16.433172,-71.523314
1813,-16.433172,-71.523314
1814,-16.433172,-71.523314
1815,0.000000,0.000000
1816,-16.409168,-71.482481
1817,-16.423931,-71.537450
1818,-16.423103,-71.517433
1819,-16.433172,-71.523314
1820,-5.000000,-80.333333
1821,-5.000000,-80.333333
1822,-5.000000,-80.333333
1823,-5.170962,-80.637970
1824,-16.376932,-71.508277
1825,0.000000,0.000000
1826,-5.100905,-80.162239
1827,-5.346620,-80.710859
1828,-5.000000,-80.333333
1829,-5.000000,-80.333333
1830,-5.094725,-81.108728
1831,-5.000000,-80.333333
1832,-5.000000,-80.333333
1833,-4.879113,-80.982514
1834,-5.173923,-80.642574
1835,-18.005686,-70.238231
1836,-5.000000,-80.333333
1837,-5.238758,-79.450780
1838,-5.100905,-80.162239
1839,0.000000,0.000000
1840,0.000000,0.000000
1841,-11.258751,-74.640015
1842,-10.892370,-73.793978
1843,0.000000,0.000000
1844,0.000000,0.000000
1845,-11.948832,-76.762701
1846,-11.948832,-76.762701
1847,-12.026984,-77.000500
1848,-11.973883,-76.782249
1849,-11.948832,-76.762701
1850,0.000000,0.000000
1851,-11.948832,-76.762701
1852,-11.948832,-76.762701
1853,0.000000,0.000000
1854,-11.948832,-76.762701
1855,0.000000,0.000000
1856,-12.001718,-76.867084
1857,-11.948832,-76.762701
1858,0.000000,0.000000
1859,-9.957299,-76.248991
1860,0.000000,0.000000
1861,-10.032650,-76.258029
1862,0.000000,0.000000
1863,0.000000,0.000000
1864,-5.736915,-78.429983
1865,-11.927780,-76.685202
1866,-3.564642,-73.086629
1867,-11.988579,-77.071240
1868,0.000000,0.000000
1869,0.000000,0.000000
1870,0.000000,0.000000
1871,-9.516699,-77.531229
1872,-11.954385,-77.040849
1873,0.000000,0.000000
1874,-8.423816,-76.398878
1875,0.000000,0.000000
1876,-8.403947,-76.423435
1877,-11.053644,-75.324312
1878,-11.124766,-75.370628
1879,0.000000,0.000000
1880,-11.974351,-74.711382
1881,0.000000,0.000000
1882,-12.121498,-77.025906
1883,0.000000,0.000000
1884,-16.399524,-71.514395
1885,0.000000,0.000000
1886,-16.440379,-71.557881
1887,-16.444612,-71.552492
1888,-6.767842,-79.840368
1889,-6.766417,-79.840831
1890,0.000000,0.000000
1891,-6.767884,-79.872040
1892,-6.774277,-79.854887
1893,-6.766383,-79.841730
1894,0.000000,0.000000
1895,-6.767710,-79.965870
1896,-6.766383,-79.841730
1897,-6.766417,-79.840831
1898,-6.766417,-79.840831
1899,-6.766417,-79.840831
1900,-6.762721,-79.854509
1901,-6.766417,-79.840831
1902,0.000000,0.000000
1903,-6.783059,-79.867661
1904,0.000000,0.000000
1905,-6.763844,-79.839007
1906,-6.755074,-79.818505
1907,-6.766383,-79.841730
1908,-6.749837,-79.854818
1909,-6.778445,-79.843542
1910,-6.786250,-79.850532
1911,0.000000,0.000000
1912,-6.769016,-79.843239
1913,-6.765438,-79.875592
1914,-6.769126,-79.854332
1915,0.000000,0.000000
1916,-6.764722,-79.847702
1917,0.000000,0.000000
1918,-6.772152,-79.829551
1919,-6.766417,-79.840831
1920,0.000000,0.000000
1921,-4.504837,-73.579155
1922,-3.730635,-73.253867
1923,-3.724889,-73.258175
1924,0.000000,0.000000
1925,-3.510799,-73.487777
1926,-3.510799,-73.487777
1927,0.000000,0.000000
1928,-5.432027,-78.569085
1929,-5.759061,-78.431265
1930,-12.201093,-75.387026
1931,-10.662288,-76.252773
1932,0.000000,0.000000
1933,0.000000,0.000000
1934,-10.667635,-76.259289
1935,0.000000,0.000000
1936,-16.033732,-72.490457
1937,-4.895336,-77.011743
1938,-10.754121,-77.760938
1939,-10.750609,-77.766376
1940,0.000000,0.000000
1941,-10.754511,-77.758211
1942,0.000000,0.000000
1943,0.000000,0.000000
1944,-12.785908,-74.972408
1945,-12.783260,-74.965041
1946,0.000000,0.000000
1947,-5.057610,-73.852100
1948,0.000000,0.000000
1949,0.000000,0.000000
1950,0.000000,0.000000
1951,-13.536386,-71.980379
1952,-12.283800,-74.087500
1953,-6.512615,-76.481376
1954,-3.272095,-77.871552
1955,-11.755930,-75.072616
1956,-3.272095,-77.871552
1957,0.000000,0.000000
1958,-12.067386,-76.952842
1959,0.000000,0.000000
1960,0.000000,0.000000
1961,-12.069101,-76.954073
1962,-12.089892,-76.902366
1963,-12.066335,-76.947040
1964,0.000000,0.000000
1965,-12.099470,-76.950562
1966,0.000000,0.000000
1967,-12.090177,-76.922338
1968,0.000000,0.000000
1969,0.000000,0.000000
1970,-12.106610,-76.942892
1971,-12.090177,-76.922338
1972,-12.076551,-76.915521
1973,-12.065271,-76.965897
1974,0.000000,0.000000
1975,-12.077983,-76.917284
1976,-12.072152,-76.949556
1977,-12.067981,-76.965255
1978,-12.116727,-76.938868
1979,-12.090177,-76.922338
1980,-12.105595,-76.952073
1981,-6.547446,-79.864589
1982,0.000000,0.000000
1983,-16.451898,-71.556801
1984,0.000000,0.000000
1985,-6.128942,-78.707347
1986,-13.785273,-73.616065
1987,-13.174417,-74.198587
1988,-13.785273,-73.616065
1989,-13.785273,-73.616065
1990,-13.175150,-74.203809
1991,-13.164272,-74.221061
1992,0.000000,0.000000
1993,-10.333333,-75.083333
1994,-10.579671,-75.402810
1995,-10.574434,-75.404479
1996,-10.575485,-75.398431
1997,-10.578218,-75.404641
1998,-6.703829,-79.913746
1999,-6.767884,-79.872040
2000,-6.767884,-79.872040
2001,0.000000,0.000000
2002,-5.272829,-78.775817
2003,-6.230564,-77.869189
2004,-6.232236,-77.865133
2005,-6.229617,-77.866610
2006,-6.371827,-77.809338
2007,-6.233115,-77.866199
2008,-6.229863,-77.863018
2009,-6.232637,-77.862516
2010,-6.228630,-77.863977
2011,-6.233334,-77.874417
2012,-6.227783,-77.865000
2013,-6.235362,-77.862634
2014,-6.371827,-77.809338
2015,-6.230564,-77.869189
2016,-3.758801,-73.251237
2017,-3.758801,-73.251237
2018,-16.413625,-71.492697
2019,-3.757152,-73.247264
2020,-9.134974,-78.181576
2021,-12.078191,-77.108715
2022,0.000000,0.000000
2023,-15.585979,-72.361735
2024,-15.585979,-72.361735
2025,-5.189212,-80.622749
2026,-15.585979,-72.361735
2027,-13.835043,-76.249622
2028,-8.567067,-74.485887
2029,-8.414910,-74.562878
2030,-12.062650,-75.195212
2031,-6.804889,-79.832233
2032,-12.073358,-77.016417
2033,-6.790363,-79.834302
2034,-6.802220,-79.830933
2035,-12.073358,-77.016417
2036,-9.047853,-77.808801
2037,0.000000,0.000000
2038,0.000000,0.000000
2039,-11.866424,-77.074508
2040,0.000000,0.000000
2041,-11.876827,-77.074482
2042,-11.876827,-77.074482
2043,-11.866798,-77.077838
2044,-11.876827,-77.074482
2045,-11.876827,-77.074482
2046,-11.876827,-77.074482
2047,0.000000,0.000000
2048,-11.876827,-77.074482
2049,-11.866798,-77.077838
2050,0.000000,0.000000
2051,-11.876827,-77.074482
2052,-11.876827,-77.074482
2053,-11.876827,-77.074482
2054,0.000000,0.000000
2055,-11.876827,-77.074482
2056,-14.825898,-74.931161
2057,-15.369292,-75.158934
2058,-14.827720,-74.937062
2059,-14.825916,-74.937782
2060,-14.825916,-74.937782
2061,-14.827178,-74.938431
2062,-8.196422,-77.895201
2063,-16.388015,-71.545053
2064,-16.394408,-71.544309
2065,-16.384869,-71.542125
2066,-16.391241,-71.542952
2067,-16.389015,-71.544885
2068,-16.387042,-71.542257
2069,-16.384869,-71.542125
2070,-16.394408,-71.544309
2071,-13.657195,-73.383617
2072,-13.657195,-73.383617
2073,0.000000,0.000000
2074,-13.653859,-73.387841
2075,-13.657908,-73.401616
2076,-13.658630,-73.375731
2077,-13.658657,-73.403841
2078,-13.662024,-73.392112
2079,-13.670345,-73.407733
2080,-13.656000,-73.388531
2081,-13.655696,-73.383603
2082,0.000000,0.000000
2083,-8.934421,-76.118618
2084,0.000000,0.000000
2085,0.000000,0.000000
2086,0.000000,0.000000
2087,-6.062713,-77.167732
2088,0.000000,0.000000
2089,0.000000,0.000000
2090,-12.512732,-76.735917
2091,0.000000,0.000000
2092,0.000000,0.000000
2093,0.000000,0.000000
2094,-8.076496,-79.046075
2095,-8.072101,-79.053818
2096,-16.323415,-71.588688
2097,-6.592936,-78.895764
2098,0.000000,0.000000
2099,-6.592936,-78.895764
2100,-6.592936,-78.895764
2101,0.000000,0.000000
2102,0.000000,0.000000
2103,0.000000,0.000000
2104,-11.128234,-75.350857
2105,-11.125393,-75.362381
2106,-5.895686,-76.105904
2107,-16.444493,-71.530214
2108,0.000000,0.000000
2109,-16.446522,-71.526132
2110,-16.467421,-71.528798
2111,-16.467421,-71.528798
2112,-16.445337,-71.524680
2113,-16.467421,-71.528798
2114,-9.475207,-77.495500
2115,-5.009990,-80.973373
2116,-5.009990,-80.973373
2117,-10.406606,-76.461740
2118,0.000000,0.000000
2119,-8.819147,-77.461107
2120,-7.154574,-79.445941
2121,0.000000,0.000000
2122,0.000000,0.000000
2123,0.000000,0.000000
2124,-7.137936,-78.517245
2125,0.000000,0.000000
2126,0.000000,0.000000
2127,-12.042791,-77.103180
2128,0.000000,0.000000
2129,0.000000,0.000000
2130,-12.049000,-77.087245
2131,-12.048466,-77.098469
2132,-17.987527,-70.240536
2133,0.000000,0.000000
2134,-17.988275,-70.241243
2135,0.000000,0.000000
2136,-17.993249,-70.250238
2137,-17.998714,-70.233901
2138,-17.027999,-72.015368
2139,-11.001678,-76.363291
2140,-6.682210,-78.520149
2141,-6.679384,-78.521258
2142,0.000000,0.000000
2143,-6.851361,-76.344648
2144,-16.405560,-71.496191
2145,-6.000897,-76.228874
2146,-6.122676,-78.764559
2147,0.000000,0.000000
2148,-6.514385,-78.503805
2149,-16.627299,-72.711130
2150,-12.015173,-75.280085
2151,-9.189317,-77.394364
2152,-6.180000,-78.480600
2153,-6.560032,-78.651351
2154,-6.563835,-78.651392
2155,0.000000,0.000000
2156,-4.877280,-80.738149
2157,-18.016399,-70.245707
2158,-12.082607,-77.045877
2159,-12.080236,-77.047758
2160,0.000000,0.000000
2161,0.000000,0.000000
2162,-12.072384,-77.039616
2163,-12.075757,-77.049666
2164,-12.070426,-77.037817
2165,-17.998109,-70.241703
2166,-17.995249,-70.256860
2167,-18.028807,-70.265260
2168,0.000000,0.000000
2169,-12.073005,-77.051320
2170,-12.075757,-77.049666
2171,-17.989769,-70.247761
2172,0.000000,0.000000
2173,-12.067012,-77.043496
2174,0.000000,0.000000
2175,-12.075757,-77.049666
2176,0.000000,0.000000
2177,0.000000,0.000000
2178,-12.079748,-77.052012
2179,-12.076541,-77.042196
2180,-12.082607,-77.045877
2181,0.000000,0.000000
2182,0.000000,0.000000
2183,0.000000,0.000000
2184,0.000000,0.000000
2185,0.000000,0.000000
2186,-12.079748,-77.052012
2187,-13.653714,-73.429022
2188,0.000000,0.000000
2189,-13.653714,-73.429022
2190,-13.653714,-73.429022
2191,-13.681430,-76.154937
2192,-13.656000,-73.388531
2193,-8.991713,-78.618868
2194,-5.461290,-80.741585
2195,0.000000,0.000000
2196,-11.105280,-77.608320
2197,-7.349752,-75.009136
2198,0.000000,0.000000
2199,-8.643851,-74.964870
2200,-13.407108,-76.131958
2201,-13.409696,-76.129797
2202,0.000000,0.000000
2203,-6.865259,-79.818745
2204,-6.865259,-79.818745
2205,-13.417488,-76.132573
2206,0.000000,0.000000
2207,-13.425106,-76.115965
2208,-12.721812,-74.666367
2209,-14.044749,-75.706126
2210,-4.488083,-81.061950
2211,-4.488083,-81.061950
2212,-4.488083,-81.061950
2213,-9.549948,-76.815610
2214,-5.124368,-78.895630
2215,-5.004553,-79.087652
2216,-12.106900,-77.019564
2217,-14.011311,-73.838818
2218,0.000000,0.000000
2219,-9.094380,-77.329126
2220,-13.229280,-72.264668
2221,0.000000,0.000000
2222,-11.773149,-75.496841
2223,-11.775161,-75.500007
2224,-16.424572,-71.566611
2225,0.000000,0.000000
2226,-12.199849,-76.999866
2227,0.000000,0.000000
2228,-12.192350,-77.008962
2229,-12.192350,-77.008962
2230,-12.192350,-77.008962
2231,-12.192350,-77.008962
2232,-12.192350,-77.008962
2233,0.000000,0.000000
2234,0.000000,0.000000
2235,-12.180960,-77.004738
2236,-12.178395,-77.007654
2237,-12.168455,-77.024527
2238,0.000000,0.000000
2239,0.000000,0.000000
2240,-12.170114,-77.021216
2241,0.000000,0.000000
2242,-12.202803,-77.014612
2243,0.000000,0.000000
2244,-12.192350,-77.008962
2245,-12.199220,-77.012591
2246,-12.202803,-77.014612
2247,-12.200102,-77.006957
2248,-12.222934,-76.989249
2249,-17.992789,-70.243027
2250,0.000000,0.000000
2251,-12.179155,-76.998978
2252,-12.182381,-76.999548
2253,-10.300069,-74.938740
2254,0.000000,0.000000
2255,-12.249824,-76.906794
2256,-12.249824,-76.906794
2257,-7.337908,-79.563250
2258,-7.739278,-79.292395
2259,-5.757282,-78.435238
2260,-5.095550,-80.166006
2261,-9.051570,-78.151575
2262,-11.884729,-77.123068
2263,-11.884729,-77.123068
2264,-11.884729,-77.123068
2265,-11.884729,-77.123068
2266,-11.838999,-77.123661
2267,0.000000,0.000000
2268,-12.276304,-72.395269
2269,-15.359500,-75.166691
2270,-3.865417,-70.585295
2271,-5.665520,-78.679097
2272,-4.169011,-81.118711
2273,0.000000,0.000000
2274,-7.832723,-77.634597
2275,-18.334682,-70.393978
2276,0.000000,0.000000
2277,0.000000,0.000000
2278,0.000000,0.000000
2279,0.000000,0.000000
2280,0.000000,0.000000
2281,-12.142015,-76.938435
2282,-12.300964,-76.850967
2283,-12.238050,-76.783863
2284,-12.259581,-76.918579
2285,-12.273369,-76.868890
2286,-12.272914,-76.868997
2287,-12.260710,-76.884545
2288,0.000000,0.000000
2289,0.000000,0.000000
2290,0.000000,0.000000
2291,-12.238050,-76.783863
2292,0.000000,0.000000
2293,0.000000,0.000000
2294,-11.540505,-75.928354
2295,-16.572748,-72.716095
2296,-8.083986,-78.998829
2297,-6.993594,-78.126365
2298,-16.405560,-71.496191
2299,-12.665859,-76.641160
2300,-12.239878,-76.948334
2301,0.000000,0.000000
2302,-8.173144,-78.999326
2303,-8.171415,-79.008936
2304,-16.425165,-71.672712
2305,-13.060714,-76.346587
2306,-13.014067,-76.342265
2307,-11.031490,-74.858729
2308,-13.061285,-76.348086
2309,-9.475207,-77.495500
2310,-13.449662,-76.182979
2311,-11.991279,-77.089888
2312,-11.996569,-77.055014
2313,0.000000,0.000000
2314,0.000000,0.000000
2315,-17.583367,-71.235887
2316,-17.633011,-71.334091
2317,-17.642391,-71.339095
2318,-17.643991,-71.344110
2319,0.000000,0.000000
2320,-8.880533,-75.313134
2321,-18.103332,-70.219936
2322,-18.103332,-70.219936
2323,-18.103332,-70.219936
2324,0.000000,0.000000
2325,0.000000,0.000000
2326,0.000000,0.000000
2327,-12.162520,-76.944275
2328,-12.211976,-76.909993
2329,-12.160988,-76.947702
2330,0.000000,0.000000
2331,-12.145845,-76.936872
2332,0.000000,0.000000
2333,-12.209120,-76.910738
2334,-12.225703,-76.907533
2335,-12.158557,-76.949822
2336,-16.420515,-71.511899
2337,-12.162520,-76.944275
2338,-9.094380,-77.329126
2339,-17.963649,-70.185233
2340,-15.773300,-73.367600
2341,-9.028711,-78.617740
2342,0.000000,0.000000
2343,-14.071861,-70.430912
2344,0.000000,0.000000
2345,0.000000,0.000000
2346,-11.713463,-77.174841
2347,-11.696554,-77.111655
2348,-16.404839,-71.482601
2349,-16.419480,-71.498700
2350,0.000000,0.000000
2351,0.000000,0.000000
2352,0.000000,0.000000
2353,0.000000,0.000000
2354,0.000000,0.000000
2355,-12.624572,-73.788544
2356,0.000000,0.000000
2357,-9.719276,-77.456877
2358,-12.362078,-72.888029
2359,0.000000,0.000000
2360,0.000000,0.000000
2361,0.000000,0.000000
2362,-12.142055,-77.016298
2363,-12.138566,-77.021290
2364,-12.149518,-77.020680
2365,-12.143431,-77.024770
2366,-11.323613,-74.536003
2367,0.000000,0.000000
2368,0.000000,0.000000
2369,-14.018476,-75.758358
2370,0.000000,0.000000
2371,-11.137879,-73.045213
2372,-14.361395,-74.882710
2373,-6.639217,-79.787982
2374,0.000000,0.000000
2375,-11.165068,-75.992219
2376,0.000000,0.000000
2377,-5.007734,-79.360152
2378,-5.239552,-79.448808
2379,-16.372174,-71.537739
2380,0.000000,0.000000
2381,0.000000,0.000000
2382,-8.962913,-78.622024
2383,0.000000,0.000000
2384,-5.121731,-79.052285
2385,-13.495713,-74.217528
2386,0.000000,0.000000
2387,-11.921707,-76.664575
2388,-13.077773,-76.387422
2389,-12.131229,-77.018804
2390,-16.563600,-69.043000
2391,0.000000,0.000000
2392,0.000000,0.000000
2393,0.000000,0.000000
2394,0.000000,0.000000
2395,0.000000,0.000000
